informe,pagina,linha
Informe Semanal nº 01 - COE Dengue e outras Arboviroses - SE 1 a 4  - 27 de janeiro.pdf,2,INFORME SEMANAL No 01
Informe Semanal nº 01 - COE Dengue e outras Arboviroses - SE 1 a 4  - 27 de janeiro.pdf,2,SE 01 a 04/2025 (27/01/2025)
Informe Semanal nº 01 - COE Dengue e outras Arboviroses - SE 1 a 4  - 27 de janeiro.pdf,2,2
Informe Semanal nº 01 - COE Dengue e outras Arboviroses - SE 1 a 4  - 27 de janeiro.pdf,3,INFORME SEMANAL No 01
Informe Semanal nº 01 - COE Dengue e outras Arboviroses - SE 1 a 4  - 27 de janeiro.pdf,3,SE 01 a 04/2025 (27/01/2025)
Informe Semanal nº 01 - COE Dengue e outras Arboviroses - SE 1 a 4  - 27 de janeiro.pdf,3,3
Informe Semanal nº 01 - COE Dengue e outras Arboviroses - SE 1 a 4  - 27 de janeiro.pdf,4,INFORME SEMANAL No 01
Informe Semanal nº 01 - COE Dengue e outras Arboviroses - SE 1 a 4  - 27 de janeiro.pdf,4,SE 01 a 04/2025 (27/01/2025)
Informe Semanal nº 01 - COE Dengue e outras Arboviroses - SE 1 a 4  - 27 de janeiro.pdf,4,4
Informe Semanal nº 01 - COE Dengue e outras Arboviroses - SE 1 a 4  - 27 de janeiro.pdf,5,INFORME SEMANAL No 01
Informe Semanal nº 01 - COE Dengue e outras Arboviroses - SE 1 a 4  - 27 de janeiro.pdf,5,SE 01 a 04/2025 (27/01/2025)
Informe Semanal nº 01 - COE Dengue e outras Arboviroses - SE 1 a 4  - 27 de janeiro.pdf,5,5
Informe Semanal nº 01 - COE Dengue e outras Arboviroses - SE 1 a 4  - 27 de janeiro.pdf,6,INFORME SEMANAL No 01
Informe Semanal nº 01 - COE Dengue e outras Arboviroses - SE 1 a 4  - 27 de janeiro.pdf,6,SE 01 a 04/2025 (27/01/2025)
Informe Semanal nº 01 - COE Dengue e outras Arboviroses - SE 1 a 4  - 27 de janeiro.pdf,6,6
Informe Semanal nº 01 - COE Dengue e outras Arboviroses - SE 1 a 4  - 27 de janeiro.pdf,7,INFORME SEMANAL No 01
Informe Semanal nº 01 - COE Dengue e outras Arboviroses - SE 1 a 4  - 27 de janeiro.pdf,7,SE 01 a 04/2025 (27/01/2025)
Informe Semanal nº 01 - COE Dengue e outras Arboviroses - SE 1 a 4  - 27 de janeiro.pdf,7,7
Informe Semanal nº 01 - COE Dengue e outras Arboviroses - SE 1 a 4  - 27 de janeiro.pdf,8,INFORME SEMANAL No 01
Informe Semanal nº 01 - COE Dengue e outras Arboviroses - SE 1 a 4  - 27 de janeiro.pdf,8,SE 01 a 04/2025 (27/01/2025)
Informe Semanal nº 01 - COE Dengue e outras Arboviroses - SE 1 a 4  - 27 de janeiro.pdf,8,8
Informe Semanal nº 01 - COE Dengue e outras Arboviroses - SE 1 a 4  - 27 de janeiro.pdf,9,INFORME SEMANAL No 01
Informe Semanal nº 01 - COE Dengue e outras Arboviroses - SE 1 a 4  - 27 de janeiro.pdf,9,SE 01 a 04/2025 (27/01/2025)
Informe Semanal nº 01 - COE Dengue e outras Arboviroses - SE 1 a 4  - 27 de janeiro.pdf,9,9
Informe Semanal nº 01 - COE Dengue e outras Arboviroses - SE 1 a 4  - 27 de janeiro.pdf,10,INFORME SEMANAL No 01
Informe Semanal nº 01 - COE Dengue e outras Arboviroses - SE 1 a 4  - 27 de janeiro.pdf,10,SE 01 a 04/2025 (27/01/2025)
Informe Semanal nº 01 - COE Dengue e outras Arboviroses - SE 1 a 4  - 27 de janeiro.pdf,10,10
Informe Semanal nº 01 - COE Dengue e outras Arboviroses - SE 1 a 4  - 27 de janeiro.pdf,11,INFORME SEMANAL No 01
Informe Semanal nº 01 - COE Dengue e outras Arboviroses - SE 1 a 4  - 27 de janeiro.pdf,11,SE 01 a 04/2025 (27/01/2025)
Informe Semanal nº 01 - COE Dengue e outras Arboviroses - SE 1 a 4  - 27 de janeiro.pdf,11,11
Informe Semanal nº 01 - COE Dengue e outras Arboviroses - SE 1 a 4  - 27 de janeiro.pdf,12,INFORME SEMANAL No 01
Informe Semanal nº 01 - COE Dengue e outras Arboviroses - SE 1 a 4  - 27 de janeiro.pdf,12,SE 01 a 04/2025 (27/01/2025)
Informe Semanal nº 01 - COE Dengue e outras Arboviroses - SE 1 a 4  - 27 de janeiro.pdf,12,12
Informe Semanal nº 01 - COE Dengue e outras Arboviroses - SE 1 a 4  - 27 de janeiro.pdf,13,INFORME SEMANAL No 01
Informe Semanal nº 01 - COE Dengue e outras Arboviroses - SE 1 a 4  - 27 de janeiro.pdf,13,SE 01 a 04/2025 (27/01/2025)
Informe Semanal nº 01 - COE Dengue e outras Arboviroses - SE 1 a 4  - 27 de janeiro.pdf,13,13
Informe Semanal nº 01 - COE Dengue e outras Arboviroses - SE 1 a 4  - 27 de janeiro.pdf,14,INFORME SEMANAL No 01
Informe Semanal nº 01 - COE Dengue e outras Arboviroses - SE 1 a 4  - 27 de janeiro.pdf,14,SE 01 a 04/2025 (27/01/2025)
Informe Semanal nº 01 - COE Dengue e outras Arboviroses - SE 1 a 4  - 27 de janeiro.pdf,14,14
Informe Semanal nº 01 - COE Dengue e outras Arboviroses - SE 1 a 4  - 27 de janeiro.pdf,15,INFORME SEMANAL No 01
Informe Semanal nº 01 - COE Dengue e outras Arboviroses - SE 1 a 4  - 27 de janeiro.pdf,15,SE 01 a 04/2025 (27/01/2025)
Informe Semanal nº 01 - COE Dengue e outras Arboviroses - SE 1 a 4  - 27 de janeiro.pdf,15,15
Informe Semanal nº 01 - COE Dengue e outras Arboviroses - SE 1 a 4  - 27 de janeiro.pdf,16,INFORME SEMANAL No 01
Informe Semanal nº 01 - COE Dengue e outras Arboviroses - SE 1 a 4  - 27 de janeiro.pdf,16,SE 01 a 04/2025 (27/01/2025)
Informe Semanal nº 01 - COE Dengue e outras Arboviroses - SE 1 a 4  - 27 de janeiro.pdf,16,16
Informe Semanal nº 01 - COE Dengue e outras Arboviroses - SE 1 a 4  - 27 de janeiro.pdf,17,INFORME SEMANAL No 01
Informe Semanal nº 01 - COE Dengue e outras Arboviroses - SE 1 a 4  - 27 de janeiro.pdf,17,SE 01 a 04/2025 (27/01/2025)
Informe Semanal nº 01 - COE Dengue e outras Arboviroses - SE 1 a 4  - 27 de janeiro.pdf,17,17
Informe Semanal nº 01 - COE Dengue e outras Arboviroses - SE 1 a 4  - 27 de janeiro.pdf,18,INFORME SEMANAL No 01
Informe Semanal nº 01 - COE Dengue e outras Arboviroses - SE 1 a 4  - 27 de janeiro.pdf,18,SE 01 a 04/2025 (27/01/2025)
Informe Semanal nº 01 - COE Dengue e outras Arboviroses - SE 1 a 4  - 27 de janeiro.pdf,18,18
Informe Semanal nº 01 - COE Dengue e outras Arboviroses - SE 1 a 4  - 27 de janeiro.pdf,19,INFORME SEMANAL No 01
Informe Semanal nº 01 - COE Dengue e outras Arboviroses - SE 1 a 4  - 27 de janeiro.pdf,19,SE 01 a 04/2025 (27/01/2025)
Informe Semanal nº 01 - COE Dengue e outras Arboviroses - SE 1 a 4  - 27 de janeiro.pdf,19,19
Informe Semanal nº 01 - COE Dengue e outras Arboviroses - SE 1 a 4  - 27 de janeiro.pdf,20,INFORME SEMANAL No 01
Informe Semanal nº 01 - COE Dengue e outras Arboviroses - SE 1 a 4  - 27 de janeiro.pdf,20,SE 01 a 04/2025 (27/01/2025)
Informe Semanal nº 01 - COE Dengue e outras Arboviroses - SE 1 a 4  - 27 de janeiro.pdf,20,20
Informe Semanal nº 01 - COE Dengue e outras Arboviroses - SE 1 a 4  - 27 de janeiro.pdf,21,INFORME SEMANAL No 01
Informe Semanal nº 01 - COE Dengue e outras Arboviroses - SE 1 a 4  - 27 de janeiro.pdf,21,SE 01 a 04/2025 (27/01/2025)
Informe Semanal nº 01 - COE Dengue e outras Arboviroses - SE 1 a 4  - 27 de janeiro.pdf,21,21
Informe Semanal nº 02 - COE Dengue e outras Arboviroses - SE 1 a 8 - 24 de fevereiro.pdf,2,INFORME SEMANAL No 02
Informe Semanal nº 02 - COE Dengue e outras Arboviroses - SE 1 a 8 - 24 de fevereiro.pdf,2,SE 01 a 08/2025 (24/02/2025)
Informe Semanal nº 02 - COE Dengue e outras Arboviroses - SE 1 a 8 - 24 de fevereiro.pdf,2,2
Informe Semanal nº 02 - COE Dengue e outras Arboviroses - SE 1 a 8 - 24 de fevereiro.pdf,3,INFORME SEMANAL No 02
Informe Semanal nº 02 - COE Dengue e outras Arboviroses - SE 1 a 8 - 24 de fevereiro.pdf,3,SE 01 a 08/2025 (24/02/2025)
Informe Semanal nº 02 - COE Dengue e outras Arboviroses - SE 1 a 8 - 24 de fevereiro.pdf,3,3
Informe Semanal nº 02 - COE Dengue e outras Arboviroses - SE 1 a 8 - 24 de fevereiro.pdf,4,INFORME SEMANAL No 02
Informe Semanal nº 02 - COE Dengue e outras Arboviroses - SE 1 a 8 - 24 de fevereiro.pdf,4,SE 01 a 08/2025 (24/02/2025)
Informe Semanal nº 02 - COE Dengue e outras Arboviroses - SE 1 a 8 - 24 de fevereiro.pdf,4,4
Informe Semanal nº 02 - COE Dengue e outras Arboviroses - SE 1 a 8 - 24 de fevereiro.pdf,5,INFORME SEMANAL No 02
Informe Semanal nº 02 - COE Dengue e outras Arboviroses - SE 1 a 8 - 24 de fevereiro.pdf,5,SE 01 a 08/2025 (24/02/2025)
Informe Semanal nº 02 - COE Dengue e outras Arboviroses - SE 1 a 8 - 24 de fevereiro.pdf,5,5
Informe Semanal nº 02 - COE Dengue e outras Arboviroses - SE 1 a 8 - 24 de fevereiro.pdf,6,INFORME SEMANAL No 02
Informe Semanal nº 02 - COE Dengue e outras Arboviroses - SE 1 a 8 - 24 de fevereiro.pdf,6,SE 01 a 08/2025 (24/02/2025)
Informe Semanal nº 02 - COE Dengue e outras Arboviroses - SE 1 a 8 - 24 de fevereiro.pdf,6,6
Informe Semanal nº 02 - COE Dengue e outras Arboviroses - SE 1 a 8 - 24 de fevereiro.pdf,7,INFORME SEMANAL No 02
Informe Semanal nº 02 - COE Dengue e outras Arboviroses - SE 1 a 8 - 24 de fevereiro.pdf,7,SE 01 a 08/2025 (24/02/2025)
Informe Semanal nº 02 - COE Dengue e outras Arboviroses - SE 1 a 8 - 24 de fevereiro.pdf,7,7
Informe Semanal nº 02 - COE Dengue e outras Arboviroses - SE 1 a 8 - 24 de fevereiro.pdf,8,INFORME SEMANAL No 02
Informe Semanal nº 02 - COE Dengue e outras Arboviroses - SE 1 a 8 - 24 de fevereiro.pdf,8,SE 01 a 08/2025 (24/02/2025)
Informe Semanal nº 02 - COE Dengue e outras Arboviroses - SE 1 a 8 - 24 de fevereiro.pdf,8,8
Informe Semanal nº 02 - COE Dengue e outras Arboviroses - SE 1 a 8 - 24 de fevereiro.pdf,9,INFORME SEMANAL No 02
Informe Semanal nº 02 - COE Dengue e outras Arboviroses - SE 1 a 8 - 24 de fevereiro.pdf,9,SE 01 a 08/2025 (24/02/2025)
Informe Semanal nº 02 - COE Dengue e outras Arboviroses - SE 1 a 8 - 24 de fevereiro.pdf,9,9
Informe Semanal nº 02 - COE Dengue e outras Arboviroses - SE 1 a 8 - 24 de fevereiro.pdf,10,INFORME SEMANAL No 02
Informe Semanal nº 02 - COE Dengue e outras Arboviroses - SE 1 a 8 - 24 de fevereiro.pdf,10,SE 01 a 08/2025 (24/02/2025)
Informe Semanal nº 02 - COE Dengue e outras Arboviroses - SE 1 a 8 - 24 de fevereiro.pdf,10,10
Informe Semanal nº 02 - COE Dengue e outras Arboviroses - SE 1 a 8 - 24 de fevereiro.pdf,11,INFORME SEMANAL No 02
Informe Semanal nº 02 - COE Dengue e outras Arboviroses - SE 1 a 8 - 24 de fevereiro.pdf,11,SE 01 a 08/2025 (24/02/2025)
Informe Semanal nº 02 - COE Dengue e outras Arboviroses - SE 1 a 8 - 24 de fevereiro.pdf,11,11
Informe Semanal nº 02 - COE Dengue e outras Arboviroses - SE 1 a 8 - 24 de fevereiro.pdf,12,INFORME SEMANAL No 02
Informe Semanal nº 02 - COE Dengue e outras Arboviroses - SE 1 a 8 - 24 de fevereiro.pdf,12,SE 01 a 08/2025 (24/02/2025)
Informe Semanal nº 02 - COE Dengue e outras Arboviroses - SE 1 a 8 - 24 de fevereiro.pdf,12,12
Informe Semanal nº 02 - COE Dengue e outras Arboviroses - SE 1 a 8 - 24 de fevereiro.pdf,13,INFORME SEMANAL No 02
Informe Semanal nº 02 - COE Dengue e outras Arboviroses - SE 1 a 8 - 24 de fevereiro.pdf,13,SE 01 a 08/2025 (24/02/2025)
Informe Semanal nº 02 - COE Dengue e outras Arboviroses - SE 1 a 8 - 24 de fevereiro.pdf,13,13
Informe Semanal nº 02 - COE Dengue e outras Arboviroses - SE 1 a 8 - 24 de fevereiro.pdf,14,14
Informe Semanal nº 02 - COE Dengue e outras Arboviroses - SE 1 a 8 - 24 de fevereiro.pdf,15,INFORME SEMANAL No 02
Informe Semanal nº 02 - COE Dengue e outras Arboviroses - SE 1 a 8 - 24 de fevereiro.pdf,15,SE 01 a 08/2025 (24/02/2025)
Informe Semanal nº 02 - COE Dengue e outras Arboviroses - SE 1 a 8 - 24 de fevereiro.pdf,15,15
Informe Semanal nº 02 - COE Dengue e outras Arboviroses - SE 1 a 8 - 24 de fevereiro.pdf,16,INFORME SEMANAL No 02
Informe Semanal nº 02 - COE Dengue e outras Arboviroses - SE 1 a 8 - 24 de fevereiro.pdf,16,SE 01 a 08/2025 (24/02/2025)
Informe Semanal nº 02 - COE Dengue e outras Arboviroses - SE 1 a 8 - 24 de fevereiro.pdf,16,16
Informe Semanal nº 02 - COE Dengue e outras Arboviroses - SE 1 a 8 - 24 de fevereiro.pdf,17,INFORME SEMANAL No 02
Informe Semanal nº 02 - COE Dengue e outras Arboviroses - SE 1 a 8 - 24 de fevereiro.pdf,17,SE 01 a 08/2025 (24/02/2025)
Informe Semanal nº 02 - COE Dengue e outras Arboviroses - SE 1 a 8 - 24 de fevereiro.pdf,17,17
Informe Semanal nº 02 - COE Dengue e outras Arboviroses - SE 1 a 8 - 24 de fevereiro.pdf,18,INFORME SEMANAL No 02
Informe Semanal nº 02 - COE Dengue e outras Arboviroses - SE 1 a 8 - 24 de fevereiro.pdf,18,SE 01 a 08/2025 (24/02/2025)
Informe Semanal nº 02 - COE Dengue e outras Arboviroses - SE 1 a 8 - 24 de fevereiro.pdf,18,18
Informe Semanal nº 02 - COE Dengue e outras Arboviroses - SE 1 a 8 - 24 de fevereiro.pdf,19,INFORME SEMANAL No 02
Informe Semanal nº 02 - COE Dengue e outras Arboviroses - SE 1 a 8 - 24 de fevereiro.pdf,19,SE 01 a 08/2025 (24/02/2025)
Informe Semanal nº 02 - COE Dengue e outras Arboviroses - SE 1 a 8 - 24 de fevereiro.pdf,19,19
Informe Semanal nº 02 - COE Dengue e outras Arboviroses - SE 1 a 8 - 24 de fevereiro.pdf,20,INFORME SEMANAL No 02
Informe Semanal nº 02 - COE Dengue e outras Arboviroses - SE 1 a 8 - 24 de fevereiro.pdf,20,SE 01 a 08/2025 (24/02/2025)
Informe Semanal nº 02 - COE Dengue e outras Arboviroses - SE 1 a 8 - 24 de fevereiro.pdf,20,20
Informe Semanal nº 02 - COE Dengue e outras Arboviroses - SE 1 a 8 - 24 de fevereiro.pdf,21,INFORME SEMANAL No 02
Informe Semanal nº 02 - COE Dengue e outras Arboviroses - SE 1 a 8 - 24 de fevereiro.pdf,21,SE 01 a 08/2025 (24/02/2025)
Informe Semanal nº 02 - COE Dengue e outras Arboviroses - SE 1 a 8 - 24 de fevereiro.pdf,21,21
Informe Semanal nº 02 - COE Dengue e outras Arboviroses - SE 1 a 8 - 24 de fevereiro.pdf,22,INFORME SEMANAL No 02
Informe Semanal nº 02 - COE Dengue e outras Arboviroses - SE 1 a 8 - 24 de fevereiro.pdf,22,SE 01 a 08/2025 (24/02/2025)
Informe Semanal nº 02 - COE Dengue e outras Arboviroses - SE 1 a 8 - 24 de fevereiro.pdf,22,22
Informe Semanal nº 03 - COE Dengue e outras Arboviroses - SE 1 a 9 - 08 de março.pdf,2,INFORME SEMANAL No 03
Informe Semanal nº 03 - COE Dengue e outras Arboviroses - SE 1 a 9 - 08 de março.pdf,2,SE 01 a 09/2025 (08/03/2025)
Informe Semanal nº 03 - COE Dengue e outras Arboviroses - SE 1 a 9 - 08 de março.pdf,2,2
Informe Semanal nº 03 - COE Dengue e outras Arboviroses - SE 1 a 9 - 08 de março.pdf,3,INFORME SEMANAL No 03
Informe Semanal nº 03 - COE Dengue e outras Arboviroses - SE 1 a 9 - 08 de março.pdf,3,SE 01 a 09/2025 (08/03/2025)
Informe Semanal nº 03 - COE Dengue e outras Arboviroses - SE 1 a 9 - 08 de março.pdf,3,3
Informe Semanal nº 03 - COE Dengue e outras Arboviroses - SE 1 a 9 - 08 de março.pdf,4,INFORME SEMANAL No 03
Informe Semanal nº 03 - COE Dengue e outras Arboviroses - SE 1 a 9 - 08 de março.pdf,4,SE 01 a 09/2025 (08/03/2025)
Informe Semanal nº 03 - COE Dengue e outras Arboviroses - SE 1 a 9 - 08 de março.pdf,4,4
Informe Semanal nº 03 - COE Dengue e outras Arboviroses - SE 1 a 9 - 08 de março.pdf,5,INFORME SEMANAL No 03
Informe Semanal nº 03 - COE Dengue e outras Arboviroses - SE 1 a 9 - 08 de março.pdf,5,SE 01 a 09/2025 (08/03/2025)
Informe Semanal nº 03 - COE Dengue e outras Arboviroses - SE 1 a 9 - 08 de março.pdf,5,5
Informe Semanal nº 03 - COE Dengue e outras Arboviroses - SE 1 a 9 - 08 de março.pdf,6,INFORME SEMANAL No 03
Informe Semanal nº 03 - COE Dengue e outras Arboviroses - SE 1 a 9 - 08 de março.pdf,6,SE 01 a 09/2025 (08/03/2025)
Informe Semanal nº 03 - COE Dengue e outras Arboviroses - SE 1 a 9 - 08 de março.pdf,6,6
Informe Semanal nº 03 - COE Dengue e outras Arboviroses - SE 1 a 9 - 08 de março.pdf,7,INFORME SEMANAL No 03
Informe Semanal nº 03 - COE Dengue e outras Arboviroses - SE 1 a 9 - 08 de março.pdf,7,SE 01 a 09/2025 (08/03/2025)
Informe Semanal nº 03 - COE Dengue e outras Arboviroses - SE 1 a 9 - 08 de março.pdf,7,7
Informe Semanal nº 03 - COE Dengue e outras Arboviroses - SE 1 a 9 - 08 de março.pdf,8,INFORME SEMANAL No 03
Informe Semanal nº 03 - COE Dengue e outras Arboviroses - SE 1 a 9 - 08 de março.pdf,8,SE 01 a 09/2025 (08/03/2025)
Informe Semanal nº 03 - COE Dengue e outras Arboviroses - SE 1 a 9 - 08 de março.pdf,8,8
Informe Semanal nº 03 - COE Dengue e outras Arboviroses - SE 1 a 9 - 08 de março.pdf,9,INFORME SEMANAL No 03
Informe Semanal nº 03 - COE Dengue e outras Arboviroses - SE 1 a 9 - 08 de março.pdf,9,SE 01 a 09/2025 (08/03/2025)
Informe Semanal nº 03 - COE Dengue e outras Arboviroses - SE 1 a 9 - 08 de março.pdf,9,9
Informe Semanal nº 03 - COE Dengue e outras Arboviroses - SE 1 a 9 - 08 de março.pdf,10,INFORME SEMANAL No 03
Informe Semanal nº 03 - COE Dengue e outras Arboviroses - SE 1 a 9 - 08 de março.pdf,10,SE 01 a 09/2025 (08/03/2025)
Informe Semanal nº 03 - COE Dengue e outras Arboviroses - SE 1 a 9 - 08 de março.pdf,10,10
Informe Semanal nº 03 - COE Dengue e outras Arboviroses - SE 1 a 9 - 08 de março.pdf,11,INFORME SEMANAL No 03
Informe Semanal nº 03 - COE Dengue e outras Arboviroses - SE 1 a 9 - 08 de março.pdf,11,SE 01 a 09/2025 (08/03/2025)
Informe Semanal nº 03 - COE Dengue e outras Arboviroses - SE 1 a 9 - 08 de março.pdf,11,11
Informe Semanal nº 03 - COE Dengue e outras Arboviroses - SE 1 a 9 - 08 de março.pdf,12,INFORME SEMANAL No 03
Informe Semanal nº 03 - COE Dengue e outras Arboviroses - SE 1 a 9 - 08 de março.pdf,12,SE 01 a 09/2025 (08/03/2025)
Informe Semanal nº 03 - COE Dengue e outras Arboviroses - SE 1 a 9 - 08 de março.pdf,12,12
Informe Semanal nº 03 - COE Dengue e outras Arboviroses - SE 1 a 9 - 08 de março.pdf,13,INFORME SEMANAL No 03
Informe Semanal nº 03 - COE Dengue e outras Arboviroses - SE 1 a 9 - 08 de março.pdf,13,SE 01 a 09/2025 (08/03/2025)
Informe Semanal nº 03 - COE Dengue e outras Arboviroses - SE 1 a 9 - 08 de março.pdf,13,13
Informe Semanal nº 03 - COE Dengue e outras Arboviroses - SE 1 a 9 - 08 de março.pdf,14,INFORME SEMANAL No 03
Informe Semanal nº 03 - COE Dengue e outras Arboviroses - SE 1 a 9 - 08 de março.pdf,14,SE 01 a 09/2025 (08/03/2025)
Informe Semanal nº 03 - COE Dengue e outras Arboviroses - SE 1 a 9 - 08 de março.pdf,14,14
Informe Semanal nº 03 - COE Dengue e outras Arboviroses - SE 1 a 9 - 08 de março.pdf,15,INFORME SEMANAL No 03
Informe Semanal nº 03 - COE Dengue e outras Arboviroses - SE 1 a 9 - 08 de março.pdf,15,SE 01 a 09/2025 (08/03/2025)
Informe Semanal nº 03 - COE Dengue e outras Arboviroses - SE 1 a 9 - 08 de março.pdf,15,15
Informe Semanal nº 03 - COE Dengue e outras Arboviroses - SE 1 a 9 - 08 de março.pdf,16,INFORME SEMANAL No 03
Informe Semanal nº 03 - COE Dengue e outras Arboviroses - SE 1 a 9 - 08 de março.pdf,16,SE 01 a 09/2025 (08/03/2025)
Informe Semanal nº 03 - COE Dengue e outras Arboviroses - SE 1 a 9 - 08 de março.pdf,16,16
Informe Semanal nº 03 - COE Dengue e outras Arboviroses - SE 1 a 9 - 08 de março.pdf,17,INFORME SEMANAL No 03
Informe Semanal nº 03 - COE Dengue e outras Arboviroses - SE 1 a 9 - 08 de março.pdf,17,SE 01 a 09/2025 (08/03/2025)
Informe Semanal nº 03 - COE Dengue e outras Arboviroses - SE 1 a 9 - 08 de março.pdf,17,17
Informe Semanal nº 03 - COE Dengue e outras Arboviroses - SE 1 a 9 - 08 de março.pdf,18,INFORME SEMANAL No 03
Informe Semanal nº 03 - COE Dengue e outras Arboviroses - SE 1 a 9 - 08 de março.pdf,18,SE 01 a 09/2025 (08/03/2025)
Informe Semanal nº 03 - COE Dengue e outras Arboviroses - SE 1 a 9 - 08 de março.pdf,18,18
Informe Semanal nº 03 - COE Dengue e outras Arboviroses - SE 1 a 9 - 08 de março.pdf,19,INFORME SEMANAL No 03
Informe Semanal nº 03 - COE Dengue e outras Arboviroses - SE 1 a 9 - 08 de março.pdf,19,SE 01 a 09/2025 (08/03/2025)
Informe Semanal nº 03 - COE Dengue e outras Arboviroses - SE 1 a 9 - 08 de março.pdf,19,19
Informe Semanal nº 03 - COE Dengue e outras Arboviroses - SE 1 a 9 - 08 de março.pdf,20,INFORME SEMANAL No 03
Informe Semanal nº 03 - COE Dengue e outras Arboviroses - SE 1 a 9 - 08 de março.pdf,20,SE 01 a 09/2025 (08/03/2025)
Informe Semanal nº 03 - COE Dengue e outras Arboviroses - SE 1 a 9 - 08 de março.pdf,20,20
Informe Semanal nº 04 - COE Dengue e outras Arboviroses - SE 1 a 10.pdf,2,INFORME SEMANAL No 04
Informe Semanal nº 04 - COE Dengue e outras Arboviroses - SE 1 a 10.pdf,2,SE 01 a 10/2025 (10/03/2025)
Informe Semanal nº 04 - COE Dengue e outras Arboviroses - SE 1 a 10.pdf,2,2
Informe Semanal nº 04 - COE Dengue e outras Arboviroses - SE 1 a 10.pdf,3,INFORME SEMANAL No 04
Informe Semanal nº 04 - COE Dengue e outras Arboviroses - SE 1 a 10.pdf,3,SE 01 a 10/2025 (10/03/2025)
Informe Semanal nº 04 - COE Dengue e outras Arboviroses - SE 1 a 10.pdf,3,3
Informe Semanal nº 04 - COE Dengue e outras Arboviroses - SE 1 a 10.pdf,4,INFORME SEMANAL No 04
Informe Semanal nº 04 - COE Dengue e outras Arboviroses - SE 1 a 10.pdf,4,SE 01 a 10/2025 (10/03/2025)
Informe Semanal nº 04 - COE Dengue e outras Arboviroses - SE 1 a 10.pdf,4,4
Informe Semanal nº 04 - COE Dengue e outras Arboviroses - SE 1 a 10.pdf,5,INFORME SEMANAL No 04
Informe Semanal nº 04 - COE Dengue e outras Arboviroses - SE 1 a 10.pdf,5,SE 01 a 10/2025 (10/03/2025)
Informe Semanal nº 04 - COE Dengue e outras Arboviroses - SE 1 a 10.pdf,5,5
Informe Semanal nº 04 - COE Dengue e outras Arboviroses - SE 1 a 10.pdf,6,INFORME SEMANAL No 04
Informe Semanal nº 04 - COE Dengue e outras Arboviroses - SE 1 a 10.pdf,6,SE 01 a 10/2025 (10/03/2025)
Informe Semanal nº 04 - COE Dengue e outras Arboviroses - SE 1 a 10.pdf,6,6
Informe Semanal nº 04 - COE Dengue e outras Arboviroses - SE 1 a 10.pdf,7,INFORME SEMANAL No 04
Informe Semanal nº 04 - COE Dengue e outras Arboviroses - SE 1 a 10.pdf,7,SE 01 a 10/2025 (10/03/2025)
Informe Semanal nº 04 - COE Dengue e outras Arboviroses - SE 1 a 10.pdf,7,7
Informe Semanal nº 04 - COE Dengue e outras Arboviroses - SE 1 a 10.pdf,8,INFORME SEMANAL No 04
Informe Semanal nº 04 - COE Dengue e outras Arboviroses - SE 1 a 10.pdf,8,SE 01 a 10/2025 (10/03/2025)
Informe Semanal nº 04 - COE Dengue e outras Arboviroses - SE 1 a 10.pdf,8,8
Informe Semanal nº 04 - COE Dengue e outras Arboviroses - SE 1 a 10.pdf,9,INFORME SEMANAL No 04
Informe Semanal nº 04 - COE Dengue e outras Arboviroses - SE 1 a 10.pdf,9,SE 01 a 10/2025 (10/03/2025)
Informe Semanal nº 04 - COE Dengue e outras Arboviroses - SE 1 a 10.pdf,9,9
Informe Semanal nº 04 - COE Dengue e outras Arboviroses - SE 1 a 10.pdf,10,INFORME SEMANAL No 04
Informe Semanal nº 04 - COE Dengue e outras Arboviroses - SE 1 a 10.pdf,10,SE 01 a 10/2025 (10/03/2025)
Informe Semanal nº 04 - COE Dengue e outras Arboviroses - SE 1 a 10.pdf,10,11
Informe Semanal nº 04 - COE Dengue e outras Arboviroses - SE 1 a 10.pdf,11,INFORME SEMANAL No 04
Informe Semanal nº 04 - COE Dengue e outras Arboviroses - SE 1 a 10.pdf,11,SE 01 a 10/2025 (10/03/2025)
Informe Semanal nº 04 - COE Dengue e outras Arboviroses - SE 1 a 10.pdf,11,12
Informe Semanal nº 04 - COE Dengue e outras Arboviroses - SE 1 a 10.pdf,12,INFORME SEMANAL No 04
Informe Semanal nº 04 - COE Dengue e outras Arboviroses - SE 1 a 10.pdf,12,SE 01 a 10/2025 (10/03/2025)
Informe Semanal nº 04 - COE Dengue e outras Arboviroses - SE 1 a 10.pdf,12,13
Informe Semanal nº 04 - COE Dengue e outras Arboviroses - SE 1 a 10.pdf,13,INFORME SEMANAL No 04
Informe Semanal nº 04 - COE Dengue e outras Arboviroses - SE 1 a 10.pdf,13,SE 01 a 10/2025 (10/03/2025)
Informe Semanal nº 04 - COE Dengue e outras Arboviroses - SE 1 a 10.pdf,13,15
Informe Semanal nº 04 - COE Dengue e outras Arboviroses - SE 1 a 10.pdf,14,INFORME SEMANAL No 04
Informe Semanal nº 04 - COE Dengue e outras Arboviroses - SE 1 a 10.pdf,14,SE 01 a 10/2025 (10/03/2025)
Informe Semanal nº 04 - COE Dengue e outras Arboviroses - SE 1 a 10.pdf,14,16
Informe Semanal nº 04 - COE Dengue e outras Arboviroses - SE 1 a 10.pdf,15,INFORME SEMANAL No 04
Informe Semanal nº 04 - COE Dengue e outras Arboviroses - SE 1 a 10.pdf,15,SE 01 a 10/2025 (10/03/2025)
Informe Semanal nº 04 - COE Dengue e outras Arboviroses - SE 1 a 10.pdf,15,17
Informe Semanal nº 04 - COE Dengue e outras Arboviroses - SE 1 a 10.pdf,16,INFORME SEMANAL No 04
Informe Semanal nº 04 - COE Dengue e outras Arboviroses - SE 1 a 10.pdf,16,SE 01 a 10/2025 (10/03/2025)
Informe Semanal nº 04 - COE Dengue e outras Arboviroses - SE 1 a 10.pdf,16,18
Informe Semanal nº 04 - COE Dengue e outras Arboviroses - SE 1 a 10.pdf,17,INFORME SEMANAL No 04
Informe Semanal nº 04 - COE Dengue e outras Arboviroses - SE 1 a 10.pdf,17,SE 01 a 10/2025 (10/03/2025)
Informe Semanal nº 04 - COE Dengue e outras Arboviroses - SE 1 a 10.pdf,17,19
Informe Semanal nº 04 - COE Dengue e outras Arboviroses - SE 1 a 10.pdf,18,INFORME SEMANAL No 04
Informe Semanal nº 04 - COE Dengue e outras Arboviroses - SE 1 a 10.pdf,18,SE 01 a 10/2025 (10/03/2025)
Informe Semanal nº 04 - COE Dengue e outras Arboviroses - SE 1 a 10.pdf,18,20
Informe Semanal nº 04 - COE Dengue e outras Arboviroses - SE 1 a 10.pdf,19,INFORME SEMANAL No 04
Informe Semanal nº 04 - COE Dengue e outras Arboviroses - SE 1 a 10.pdf,19,SE 01 a 10/2025 (10/03/2025)
Informe Semanal nº 04 - COE Dengue e outras Arboviroses - SE 1 a 10.pdf,19,21
Informe Semanal nº 04 - COE Dengue e outras Arboviroses - SE 1 a 10.pdf,20,INFORME SEMANAL No 04
Informe Semanal nº 04 - COE Dengue e outras Arboviroses - SE 1 a 10.pdf,20,SE 01 a 10/2025 (10/03/2025)
Informe Semanal nº 04 - COE Dengue e outras Arboviroses - SE 1 a 10.pdf,20,22
Informe Semanal nº 05 - COE Dengue e outras Arboviroses - SE 1 a 11.pdf,2,INFORME SEMANAL No 05
Informe Semanal nº 05 - COE Dengue e outras Arboviroses - SE 1 a 11.pdf,2,SE 01 a 11/2025 (17/03/2025)
Informe Semanal nº 05 - COE Dengue e outras Arboviroses - SE 1 a 11.pdf,2,2
Informe Semanal nº 05 - COE Dengue e outras Arboviroses - SE 1 a 11.pdf,3,INFORME SEMANAL No 05
Informe Semanal nº 05 - COE Dengue e outras Arboviroses - SE 1 a 11.pdf,3,SE 01 a 11/2025 (17/03/2025)
Informe Semanal nº 05 - COE Dengue e outras Arboviroses - SE 1 a 11.pdf,3,3
Informe Semanal nº 05 - COE Dengue e outras Arboviroses - SE 1 a 11.pdf,4,INFORME SEMANAL No 05
Informe Semanal nº 05 - COE Dengue e outras Arboviroses - SE 1 a 11.pdf,4,SE 01 a 11/2025 (17/03/2025)
Informe Semanal nº 05 - COE Dengue e outras Arboviroses - SE 1 a 11.pdf,4,4
Informe Semanal nº 05 - COE Dengue e outras Arboviroses - SE 1 a 11.pdf,5,INFORME SEMANAL No 05
Informe Semanal nº 05 - COE Dengue e outras Arboviroses - SE 1 a 11.pdf,5,SE 01 a 11/2025 (17/03/2025)
Informe Semanal nº 05 - COE Dengue e outras Arboviroses - SE 1 a 11.pdf,5,5
Informe Semanal nº 05 - COE Dengue e outras Arboviroses - SE 1 a 11.pdf,6,INFORME SEMANAL No 05
Informe Semanal nº 05 - COE Dengue e outras Arboviroses - SE 1 a 11.pdf,6,SE 01 a 11/2025 (17/03/2025)
Informe Semanal nº 05 - COE Dengue e outras Arboviroses - SE 1 a 11.pdf,6,6
Informe Semanal nº 05 - COE Dengue e outras Arboviroses - SE 1 a 11.pdf,7,INFORME SEMANAL No 05
Informe Semanal nº 05 - COE Dengue e outras Arboviroses - SE 1 a 11.pdf,7,SE 01 a 11/2025 (17/03/2025)
Informe Semanal nº 05 - COE Dengue e outras Arboviroses - SE 1 a 11.pdf,7,7
Informe Semanal nº 05 - COE Dengue e outras Arboviroses - SE 1 a 11.pdf,8,INFORME SEMANAL No 05
Informe Semanal nº 05 - COE Dengue e outras Arboviroses - SE 1 a 11.pdf,8,SE 01 a 11/2025 (17/03/2025)
Informe Semanal nº 05 - COE Dengue e outras Arboviroses - SE 1 a 11.pdf,8,8
Informe Semanal nº 05 - COE Dengue e outras Arboviroses - SE 1 a 11.pdf,9,INFORME SEMANAL No 05
Informe Semanal nº 05 - COE Dengue e outras Arboviroses - SE 1 a 11.pdf,9,SE 01 a 11/2025 (17/03/2025)
Informe Semanal nº 05 - COE Dengue e outras Arboviroses - SE 1 a 11.pdf,9,9
Informe Semanal nº 05 - COE Dengue e outras Arboviroses - SE 1 a 11.pdf,10,INFORME SEMANAL No 05
Informe Semanal nº 05 - COE Dengue e outras Arboviroses - SE 1 a 11.pdf,10,SE 01 a 11/2025 (17/03/2025)
Informe Semanal nº 05 - COE Dengue e outras Arboviroses - SE 1 a 11.pdf,10,10
Informe Semanal nº 05 - COE Dengue e outras Arboviroses - SE 1 a 11.pdf,11,INFORME SEMANAL No 05
Informe Semanal nº 05 - COE Dengue e outras Arboviroses - SE 1 a 11.pdf,11,SE 01 a 11/2025 (17/03/2025)
Informe Semanal nº 05 - COE Dengue e outras Arboviroses - SE 1 a 11.pdf,11,11
Informe Semanal nº 05 - COE Dengue e outras Arboviroses - SE 1 a 11.pdf,12,INFORME SEMANAL No 04
Informe Semanal nº 05 - COE Dengue e outras Arboviroses - SE 1 a 11.pdf,12,SE 01 a 11/2025 (17/03/2025)
Informe Semanal nº 05 - COE Dengue e outras Arboviroses - SE 1 a 11.pdf,12,12
Informe Semanal nº 05 - COE Dengue e outras Arboviroses - SE 1 a 11.pdf,13,INFORME SEMANAL No 05
Informe Semanal nº 05 - COE Dengue e outras Arboviroses - SE 1 a 11.pdf,13,SE 01 a 11/2025 (17/03/2025)
Informe Semanal nº 05 - COE Dengue e outras Arboviroses - SE 1 a 11.pdf,13,13
Informe Semanal nº 05 - COE Dengue e outras Arboviroses - SE 1 a 11.pdf,14,INFORME SEMANAL No 05
Informe Semanal nº 05 - COE Dengue e outras Arboviroses - SE 1 a 11.pdf,14,SE 01 a 11/2025 (17/03/2025)
Informe Semanal nº 05 - COE Dengue e outras Arboviroses - SE 1 a 11.pdf,14,14
Informe Semanal nº 05 - COE Dengue e outras Arboviroses - SE 1 a 11.pdf,15,INFORME SEMANAL No 05
Informe Semanal nº 05 - COE Dengue e outras Arboviroses - SE 1 a 11.pdf,15,SE 01 a 11/2025 (17/03/2025)
Informe Semanal nº 05 - COE Dengue e outras Arboviroses - SE 1 a 11.pdf,15,15
Informe Semanal nº 05 - COE Dengue e outras Arboviroses - SE 1 a 11.pdf,16,INFORME SEMANAL No 05
Informe Semanal nº 05 - COE Dengue e outras Arboviroses - SE 1 a 11.pdf,16,SE 01 a 11/2025 (17/03/2025)
Informe Semanal nº 05 - COE Dengue e outras Arboviroses - SE 1 a 11.pdf,16,16
Informe Semanal nº 05 - COE Dengue e outras Arboviroses - SE 1 a 11.pdf,17,INFORME SEMANAL No 05
Informe Semanal nº 05 - COE Dengue e outras Arboviroses - SE 1 a 11.pdf,17,SE 01 a 11/2025 (17/03/2025)
Informe Semanal nº 05 - COE Dengue e outras Arboviroses - SE 1 a 11.pdf,17,17
Informe Semanal nº 05 - COE Dengue e outras Arboviroses - SE 1 a 11.pdf,18,INFORME SEMANAL No 05
Informe Semanal nº 05 - COE Dengue e outras Arboviroses - SE 1 a 11.pdf,18,SE 01 a 11/2025 (17/03/2025)
Informe Semanal nº 05 - COE Dengue e outras Arboviroses - SE 1 a 11.pdf,18,18
Informe Semanal nº 05 - COE Dengue e outras Arboviroses - SE 1 a 11.pdf,19,INFORME SEMANAL No 05
Informe Semanal nº 05 - COE Dengue e outras Arboviroses - SE 1 a 11.pdf,19,SE 01 a 11/2025 (17/03/2025)
Informe Semanal nº 05 - COE Dengue e outras Arboviroses - SE 1 a 11.pdf,19,19
Informe Semanal nº 05 - COE Dengue e outras Arboviroses - SE 1 a 11.pdf,20,INFORME SEMANAL No 05
Informe Semanal nº 05 - COE Dengue e outras Arboviroses - SE 1 a 11.pdf,20,SE 01 a 11/2025 (17/03/2025)
Informe Semanal nº 05 - COE Dengue e outras Arboviroses - SE 1 a 11.pdf,20,20
Informe Semanal nº 06 - COE Dengue e outras Arboviroses - SE 1 a 12.pdf,2,INFORME SEMANAL No 06
Informe Semanal nº 06 - COE Dengue e outras Arboviroses - SE 1 a 12.pdf,2,SE 01 a 12/2025 (24/03/2025)
Informe Semanal nº 06 - COE Dengue e outras Arboviroses - SE 1 a 12.pdf,2,2
Informe Semanal nº 06 - COE Dengue e outras Arboviroses - SE 1 a 12.pdf,3,INFORME SEMANAL No 06
Informe Semanal nº 06 - COE Dengue e outras Arboviroses - SE 1 a 12.pdf,3,SE 01 a 12/2025 (24/03/2025)
Informe Semanal nº 06 - COE Dengue e outras Arboviroses - SE 1 a 12.pdf,3,3
Informe Semanal nº 06 - COE Dengue e outras Arboviroses - SE 1 a 12.pdf,4,INFORME SEMANAL No 06
Informe Semanal nº 06 - COE Dengue e outras Arboviroses - SE 1 a 12.pdf,4,SE 01 a 12/2025 (24/03/2025)
Informe Semanal nº 06 - COE Dengue e outras Arboviroses - SE 1 a 12.pdf,4,4
Informe Semanal nº 06 - COE Dengue e outras Arboviroses - SE 1 a 12.pdf,5,INFORME SEMANAL No 06
Informe Semanal nº 06 - COE Dengue e outras Arboviroses - SE 1 a 12.pdf,5,SE 01 a 12/2025 (24/03/2025)
Informe Semanal nº 06 - COE Dengue e outras Arboviroses - SE 1 a 12.pdf,5,5
Informe Semanal nº 06 - COE Dengue e outras Arboviroses - SE 1 a 12.pdf,6,INFORME SEMANAL No 06
Informe Semanal nº 06 - COE Dengue e outras Arboviroses - SE 1 a 12.pdf,6,SE 01 a 12/2025 (24/03/2025)
Informe Semanal nº 06 - COE Dengue e outras Arboviroses - SE 1 a 12.pdf,6,6
Informe Semanal nº 06 - COE Dengue e outras Arboviroses - SE 1 a 12.pdf,7,INFORME SEMANAL No 06
Informe Semanal nº 06 - COE Dengue e outras Arboviroses - SE 1 a 12.pdf,7,SE 01 a 12/2025 (24/03/2025)
Informe Semanal nº 06 - COE Dengue e outras Arboviroses - SE 1 a 12.pdf,7,7
Informe Semanal nº 06 - COE Dengue e outras Arboviroses - SE 1 a 12.pdf,8,INFORME SEMANAL No 06
Informe Semanal nº 06 - COE Dengue e outras Arboviroses - SE 1 a 12.pdf,8,SE 01 a 12/2025 (24/03/2025)
Informe Semanal nº 06 - COE Dengue e outras Arboviroses - SE 1 a 12.pdf,8,8
Informe Semanal nº 06 - COE Dengue e outras Arboviroses - SE 1 a 12.pdf,9,INFORME SEMANAL No 06
Informe Semanal nº 06 - COE Dengue e outras Arboviroses - SE 1 a 12.pdf,9,SE 01 a 12/2025 (24/03/2025)
Informe Semanal nº 06 - COE Dengue e outras Arboviroses - SE 1 a 12.pdf,9,9
Informe Semanal nº 06 - COE Dengue e outras Arboviroses - SE 1 a 12.pdf,10,INFORME SEMANAL No 06
Informe Semanal nº 06 - COE Dengue e outras Arboviroses - SE 1 a 12.pdf,10,SE 01 a 12/2025 (24/03/2025)
Informe Semanal nº 06 - COE Dengue e outras Arboviroses - SE 1 a 12.pdf,10,10
Informe Semanal nº 06 - COE Dengue e outras Arboviroses - SE 1 a 12.pdf,11,INFORME SEMANAL No 06
Informe Semanal nº 06 - COE Dengue e outras Arboviroses - SE 1 a 12.pdf,11,SE 01 a 11/2025 (17/03/2025)
Informe Semanal nº 06 - COE Dengue e outras Arboviroses - SE 1 a 12.pdf,11,11
Informe Semanal nº 06 - COE Dengue e outras Arboviroses - SE 1 a 12.pdf,12,INFORME SEMANAL No 06
Informe Semanal nº 06 - COE Dengue e outras Arboviroses - SE 1 a 12.pdf,12,SE 01 a 12/2025 (24/03/2025)
Informe Semanal nº 06 - COE Dengue e outras Arboviroses - SE 1 a 12.pdf,12,12
Informe Semanal nº 06 - COE Dengue e outras Arboviroses - SE 1 a 12.pdf,13,INFORME SEMANAL No 06
Informe Semanal nº 06 - COE Dengue e outras Arboviroses - SE 1 a 12.pdf,13,SE 01 a 12/2025 (24/03/2025)
Informe Semanal nº 06 - COE Dengue e outras Arboviroses - SE 1 a 12.pdf,13,13
Informe Semanal nº 06 - COE Dengue e outras Arboviroses - SE 1 a 12.pdf,14,INFORME SEMANAL No 06
Informe Semanal nº 06 - COE Dengue e outras Arboviroses - SE 1 a 12.pdf,14,SE 01 a 12/2025 (24/03/2025)
Informe Semanal nº 06 - COE Dengue e outras Arboviroses - SE 1 a 12.pdf,14,14
Informe Semanal nº 06 - COE Dengue e outras Arboviroses - SE 1 a 12.pdf,15,INFORME SEMANAL No 06
Informe Semanal nº 06 - COE Dengue e outras Arboviroses - SE 1 a 12.pdf,15,SE 01 a 12/2025 (24/03/2025)
Informe Semanal nº 06 - COE Dengue e outras Arboviroses - SE 1 a 12.pdf,15,15
Informe Semanal nº 06 - COE Dengue e outras Arboviroses - SE 1 a 12.pdf,16,INFORME SEMANAL No 06
Informe Semanal nº 06 - COE Dengue e outras Arboviroses - SE 1 a 12.pdf,16,SE 01 a 12/2025 (24/03/2025)
Informe Semanal nº 06 - COE Dengue e outras Arboviroses - SE 1 a 12.pdf,16,16
Informe Semanal nº 06 - COE Dengue e outras Arboviroses - SE 1 a 12.pdf,17,INFORME SEMANAL No 06
Informe Semanal nº 06 - COE Dengue e outras Arboviroses - SE 1 a 12.pdf,17,SE 01 a 12/2025 (24/03/2025)
Informe Semanal nº 06 - COE Dengue e outras Arboviroses - SE 1 a 12.pdf,17,17
Informe Semanal nº 06 - COE Dengue e outras Arboviroses - SE 1 a 12.pdf,18,INFORME SEMANAL No 06
Informe Semanal nº 06 - COE Dengue e outras Arboviroses - SE 1 a 12.pdf,18,SE 01 a 12/2025 (24/03/2025)
Informe Semanal nº 06 - COE Dengue e outras Arboviroses - SE 1 a 12.pdf,18,18
Informe Semanal nº 06 - COE Dengue e outras Arboviroses - SE 1 a 12.pdf,19,INFORME SEMANAL No 06
Informe Semanal nº 06 - COE Dengue e outras Arboviroses - SE 1 a 12.pdf,19,SE 01 a 12/2025 (24/03/2025)
Informe Semanal nº 06 - COE Dengue e outras Arboviroses - SE 1 a 12.pdf,19,19
Informe Semanal nº 06 - COE Dengue e outras Arboviroses - SE 1 a 12.pdf,20,INFORME SEMANAL No 06
Informe Semanal nº 06 - COE Dengue e outras Arboviroses - SE 1 a 12.pdf,20,SE 01 a 12/2025 (24/03/2025)
Informe Semanal nº 06 - COE Dengue e outras Arboviroses - SE 1 a 12.pdf,20,20
Informe Semanal nº 07 - COE Dengue e outras Arboviroses - SE 1 a 13.pdf,2,INFORME SEMANAL No 07
Informe Semanal nº 07 - COE Dengue e outras Arboviroses - SE 1 a 13.pdf,2,SE 01 a 13/2025 (31/03/2025)
Informe Semanal nº 07 - COE Dengue e outras Arboviroses - SE 1 a 13.pdf,2,2
Informe Semanal nº 07 - COE Dengue e outras Arboviroses - SE 1 a 13.pdf,3,INFORME SEMANAL No 07
Informe Semanal nº 07 - COE Dengue e outras Arboviroses - SE 1 a 13.pdf,3,SE 01 a 13/2025 (31/03/2025)
Informe Semanal nº 07 - COE Dengue e outras Arboviroses - SE 1 a 13.pdf,3,3
Informe Semanal nº 07 - COE Dengue e outras Arboviroses - SE 1 a 13.pdf,4,INFORME SEMANAL No 07
Informe Semanal nº 07 - COE Dengue e outras Arboviroses - SE 1 a 13.pdf,4,SE 01 a 13/2025 (31/03/2025)
Informe Semanal nº 07 - COE Dengue e outras Arboviroses - SE 1 a 13.pdf,4,4
Informe Semanal nº 07 - COE Dengue e outras Arboviroses - SE 1 a 13.pdf,5,INFORME SEMANAL No 07
Informe Semanal nº 07 - COE Dengue e outras Arboviroses - SE 1 a 13.pdf,5,SE 01 a 13/2025 (31/03/2025)
Informe Semanal nº 07 - COE Dengue e outras Arboviroses - SE 1 a 13.pdf,5,5
Informe Semanal nº 07 - COE Dengue e outras Arboviroses - SE 1 a 13.pdf,6,INFORME SEMANAL No 07
Informe Semanal nº 07 - COE Dengue e outras Arboviroses - SE 1 a 13.pdf,6,SE 01 a 13/2025 (31/03/2025)
Informe Semanal nº 07 - COE Dengue e outras Arboviroses - SE 1 a 13.pdf,6,6
Informe Semanal nº 07 - COE Dengue e outras Arboviroses - SE 1 a 13.pdf,7,INFORME SEMANAL No 07
Informe Semanal nº 07 - COE Dengue e outras Arboviroses - SE 1 a 13.pdf,7,SE 01 a 13/2025 (31/03/2025)
Informe Semanal nº 07 - COE Dengue e outras Arboviroses - SE 1 a 13.pdf,7,7
Informe Semanal nº 07 - COE Dengue e outras Arboviroses - SE 1 a 13.pdf,8,INFORME SEMANAL No 07
Informe Semanal nº 07 - COE Dengue e outras Arboviroses - SE 1 a 13.pdf,8,SE 01 a 13/2025 (31/03/2025)
Informe Semanal nº 07 - COE Dengue e outras Arboviroses - SE 1 a 13.pdf,8,8
Informe Semanal nº 07 - COE Dengue e outras Arboviroses - SE 1 a 13.pdf,9,INFORME SEMANAL No 07
Informe Semanal nº 07 - COE Dengue e outras Arboviroses - SE 1 a 13.pdf,9,SE 01 a 13/2025 (31/03/2025)
Informe Semanal nº 07 - COE Dengue e outras Arboviroses - SE 1 a 13.pdf,9,9
Informe Semanal nº 07 - COE Dengue e outras Arboviroses - SE 1 a 13.pdf,10,INFORME SEMANAL No 07
Informe Semanal nº 07 - COE Dengue e outras Arboviroses - SE 1 a 13.pdf,10,SE 01 a 13/2025 (31/03/2025)
Informe Semanal nº 07 - COE Dengue e outras Arboviroses - SE 1 a 13.pdf,10,10
Informe Semanal nº 07 - COE Dengue e outras Arboviroses - SE 1 a 13.pdf,11,INFORME SEMANAL No 07
Informe Semanal nº 07 - COE Dengue e outras Arboviroses - SE 1 a 13.pdf,11,SE 01 a 13/2025 (31/03/2025)
Informe Semanal nº 07 - COE Dengue e outras Arboviroses - SE 1 a 13.pdf,11,11
Informe Semanal nº 07 - COE Dengue e outras Arboviroses - SE 1 a 13.pdf,12,INFORME SEMANAL No 07
Informe Semanal nº 07 - COE Dengue e outras Arboviroses - SE 1 a 13.pdf,12,SE 01 a 13/2025 (31/03/2025)
Informe Semanal nº 07 - COE Dengue e outras Arboviroses - SE 1 a 13.pdf,12,12
Informe Semanal nº 07 - COE Dengue e outras Arboviroses - SE 1 a 13.pdf,13,INFORME SEMANAL No 07
Informe Semanal nº 07 - COE Dengue e outras Arboviroses - SE 1 a 13.pdf,13,SE 01 a 13/2025 (31/03/2025)
Informe Semanal nº 07 - COE Dengue e outras Arboviroses - SE 1 a 13.pdf,13,13
Informe Semanal nº 07 - COE Dengue e outras Arboviroses - SE 1 a 13.pdf,14,INFORME SEMANAL No 07
Informe Semanal nº 07 - COE Dengue e outras Arboviroses - SE 1 a 13.pdf,14,SE 01 a 13/2025 (31/03/2025)
Informe Semanal nº 07 - COE Dengue e outras Arboviroses - SE 1 a 13.pdf,14,14
Informe Semanal nº 07 - COE Dengue e outras Arboviroses - SE 1 a 13.pdf,15,INFORME SEMANAL No 07
Informe Semanal nº 07 - COE Dengue e outras Arboviroses - SE 1 a 13.pdf,15,SE 01 a 13/2025 (31/03/2025)
Informe Semanal nº 07 - COE Dengue e outras Arboviroses - SE 1 a 13.pdf,15,15
Informe Semanal nº 07 - COE Dengue e outras Arboviroses - SE 1 a 13.pdf,16,INFORME SEMANAL No 07
Informe Semanal nº 07 - COE Dengue e outras Arboviroses - SE 1 a 13.pdf,16,SE 01 a 13/2025 (31/03/2025)
Informe Semanal nº 07 - COE Dengue e outras Arboviroses - SE 1 a 13.pdf,16,16
Informe Semanal nº 07 - COE Dengue e outras Arboviroses - SE 1 a 13.pdf,17,INFORME SEMANAL No 07
Informe Semanal nº 07 - COE Dengue e outras Arboviroses - SE 1 a 13.pdf,17,SE 01 a 13/2025 (31/03/2025)
Informe Semanal nº 07 - COE Dengue e outras Arboviroses - SE 1 a 13.pdf,17,17
Informe Semanal nº 07 - COE Dengue e outras Arboviroses - SE 1 a 13.pdf,18,INFORME SEMANAL No 07
Informe Semanal nº 07 - COE Dengue e outras Arboviroses - SE 1 a 13.pdf,18,SE 01 a 13/2025 (31/03/2025)
Informe Semanal nº 07 - COE Dengue e outras Arboviroses - SE 1 a 13.pdf,18,18
Informe Semanal nº 07 - COE Dengue e outras Arboviroses - SE 1 a 13.pdf,19,INFORME SEMANAL No 07
Informe Semanal nº 07 - COE Dengue e outras Arboviroses - SE 1 a 13.pdf,19,SE 01 a 13/2025 (31/03/2025)
Informe Semanal nº 07 - COE Dengue e outras Arboviroses - SE 1 a 13.pdf,19,19
Informe Semanal nº 07 - COE Dengue e outras Arboviroses - SE 1 a 13.pdf,20,INFORME SEMANAL No 07
Informe Semanal nº 07 - COE Dengue e outras Arboviroses - SE 1 a 13.pdf,20,SE 01 a 13/2025 (31/03/2025)
Informe Semanal nº 07 - COE Dengue e outras Arboviroses - SE 1 a 13.pdf,20,20
Informe Semanal nº 08 - COE Dengue e outras Arboviroses - SE 1 a 13.pdf,2,INFORME SEMANAL No 08
Informe Semanal nº 08 - COE Dengue e outras Arboviroses - SE 1 a 13.pdf,2,SE 01 a 14/2025 (07/04/2025)
Informe Semanal nº 08 - COE Dengue e outras Arboviroses - SE 1 a 13.pdf,2,2
Informe Semanal nº 08 - COE Dengue e outras Arboviroses - SE 1 a 13.pdf,3,INFORME SEMANAL No 08
Informe Semanal nº 08 - COE Dengue e outras Arboviroses - SE 1 a 13.pdf,3,SE 01 a 14/2025 (07/04/2025)
Informe Semanal nº 08 - COE Dengue e outras Arboviroses - SE 1 a 13.pdf,3,3
Informe Semanal nº 08 - COE Dengue e outras Arboviroses - SE 1 a 13.pdf,4,INFORME SEMANAL No 08
Informe Semanal nº 08 - COE Dengue e outras Arboviroses - SE 1 a 13.pdf,4,SE 01 a 14/2025 (07/04/2025)
Informe Semanal nº 08 - COE Dengue e outras Arboviroses - SE 1 a 13.pdf,4,4
Informe Semanal nº 08 - COE Dengue e outras Arboviroses - SE 1 a 13.pdf,5,INFORME SEMANAL No 08
Informe Semanal nº 08 - COE Dengue e outras Arboviroses - SE 1 a 13.pdf,5,SE 01 a 14/2025 (07/04/2025)
Informe Semanal nº 08 - COE Dengue e outras Arboviroses - SE 1 a 13.pdf,5,5
Informe Semanal nº 08 - COE Dengue e outras Arboviroses - SE 1 a 13.pdf,6,INFORME SEMANAL No 08
Informe Semanal nº 08 - COE Dengue e outras Arboviroses - SE 1 a 13.pdf,6,SE 01 a 14/2025 (07/04/2025)
Informe Semanal nº 08 - COE Dengue e outras Arboviroses - SE 1 a 13.pdf,6,6
Informe Semanal nº 08 - COE Dengue e outras Arboviroses - SE 1 a 13.pdf,7,INFORME SEMANAL No 08
Informe Semanal nº 08 - COE Dengue e outras Arboviroses - SE 1 a 13.pdf,7,SE 01 a 14/2025 (07/04/2025)
Informe Semanal nº 08 - COE Dengue e outras Arboviroses - SE 1 a 13.pdf,7,7
Informe Semanal nº 08 - COE Dengue e outras Arboviroses - SE 1 a 13.pdf,8,INFORME SEMANAL No 08
Informe Semanal nº 08 - COE Dengue e outras Arboviroses - SE 1 a 13.pdf,8,SE 01 a 14/2025 (07/04/2025)
Informe Semanal nº 08 - COE Dengue e outras Arboviroses - SE 1 a 13.pdf,8,8
Informe Semanal nº 08 - COE Dengue e outras Arboviroses - SE 1 a 13.pdf,9,INFORME SEMANAL No 08
Informe Semanal nº 08 - COE Dengue e outras Arboviroses - SE 1 a 13.pdf,9,SE 01 a 14/2025 (07/04/2025)
Informe Semanal nº 08 - COE Dengue e outras Arboviroses - SE 1 a 13.pdf,9,9
Informe Semanal nº 08 - COE Dengue e outras Arboviroses - SE 1 a 13.pdf,10,INFORME SEMANAL No 08
Informe Semanal nº 08 - COE Dengue e outras Arboviroses - SE 1 a 13.pdf,10,SE 01 a 14/2025 (07/04/2025)
Informe Semanal nº 08 - COE Dengue e outras Arboviroses - SE 1 a 13.pdf,10,10
Informe Semanal nº 08 - COE Dengue e outras Arboviroses - SE 1 a 13.pdf,11,INFORME SEMANAL No 08
Informe Semanal nº 08 - COE Dengue e outras Arboviroses - SE 1 a 13.pdf,11,SE 01 a 14/2025 (07/04/2025)
Informe Semanal nº 08 - COE Dengue e outras Arboviroses - SE 1 a 13.pdf,11,11
Informe Semanal nº 08 - COE Dengue e outras Arboviroses - SE 1 a 13.pdf,12,INFORME SEMANAL No 08
Informe Semanal nº 08 - COE Dengue e outras Arboviroses - SE 1 a 13.pdf,12,SE 01 a 14/2025 (07/04/2025)
Informe Semanal nº 08 - COE Dengue e outras Arboviroses - SE 1 a 13.pdf,12,12
Informe Semanal nº 08 - COE Dengue e outras Arboviroses - SE 1 a 13.pdf,13,INFORME SEMANAL No 08
Informe Semanal nº 08 - COE Dengue e outras Arboviroses - SE 1 a 13.pdf,13,SE 01 a 14/2025 (07/04/2025)
Informe Semanal nº 08 - COE Dengue e outras Arboviroses - SE 1 a 13.pdf,13,13
Informe Semanal nº 08 - COE Dengue e outras Arboviroses - SE 1 a 13.pdf,14,INFORME SEMANAL No 08
Informe Semanal nº 08 - COE Dengue e outras Arboviroses - SE 1 a 13.pdf,14,SE 01 a 14/2025 (07/04/2025)
Informe Semanal nº 08 - COE Dengue e outras Arboviroses - SE 1 a 13.pdf,14,14
Informe Semanal nº 08 - COE Dengue e outras Arboviroses - SE 1 a 13.pdf,15,INFORME SEMANAL No 08
Informe Semanal nº 08 - COE Dengue e outras Arboviroses - SE 1 a 13.pdf,15,SE 01 a 14/2025 (07/04/2025)
Informe Semanal nº 08 - COE Dengue e outras Arboviroses - SE 1 a 13.pdf,15,15
Informe Semanal nº 08 - COE Dengue e outras Arboviroses - SE 1 a 13.pdf,16,INFORME SEMANAL No 08
Informe Semanal nº 08 - COE Dengue e outras Arboviroses - SE 1 a 13.pdf,16,SE 01 a 14/2025 (07/04/2025)
Informe Semanal nº 08 - COE Dengue e outras Arboviroses - SE 1 a 13.pdf,16,16
Informe Semanal nº 08 - COE Dengue e outras Arboviroses - SE 1 a 13.pdf,17,INFORME SEMANAL No 08
Informe Semanal nº 08 - COE Dengue e outras Arboviroses - SE 1 a 13.pdf,17,SE 01 a 14/2025 (07/04/2025)
Informe Semanal nº 08 - COE Dengue e outras Arboviroses - SE 1 a 13.pdf,17,17
Informe Semanal nº 08 - COE Dengue e outras Arboviroses - SE 1 a 13.pdf,18,INFORME SEMANAL No 08
Informe Semanal nº 08 - COE Dengue e outras Arboviroses - SE 1 a 13.pdf,18,SE 01 a 14/2025 (07/04/2025)
Informe Semanal nº 08 - COE Dengue e outras Arboviroses - SE 1 a 13.pdf,18,18
Informe Semanal nº 08 - COE Dengue e outras Arboviroses - SE 1 a 13.pdf,19,INFORME SEMANAL No 08
Informe Semanal nº 08 - COE Dengue e outras Arboviroses - SE 1 a 13.pdf,19,SE 01 a 14/2025 (07/04/2025)
Informe Semanal nº 08 - COE Dengue e outras Arboviroses - SE 1 a 13.pdf,19,19
Informe Semanal nº 08 - COE Dengue e outras Arboviroses - SE 1 a 13.pdf,20,INFORME SEMANAL No 08
Informe Semanal nº 08 - COE Dengue e outras Arboviroses - SE 1 a 13.pdf,20,SE 01 a 14/2025 (07/04/2025)
Informe Semanal nº 08 - COE Dengue e outras Arboviroses - SE 1 a 13.pdf,20,20
Informe Semanal nº 09 - COE Dengue e outras Arboviroses - SE 1 a 15.pdf,2,INFORME SEMANAL No 09
Informe Semanal nº 09 - COE Dengue e outras Arboviroses - SE 1 a 15.pdf,2,SE 01 a 15/2025 (14/04/2025)
Informe Semanal nº 09 - COE Dengue e outras Arboviroses - SE 1 a 15.pdf,2,2
Informe Semanal nº 09 - COE Dengue e outras Arboviroses - SE 1 a 15.pdf,3,INFORME SEMANAL No 09
Informe Semanal nº 09 - COE Dengue e outras Arboviroses - SE 1 a 15.pdf,3,SE 01 a 15/2025 (14/04/2025)
Informe Semanal nº 09 - COE Dengue e outras Arboviroses - SE 1 a 15.pdf,3,3
Informe Semanal nº 09 - COE Dengue e outras Arboviroses - SE 1 a 15.pdf,4,INFORME SEMANAL No 09
Informe Semanal nº 09 - COE Dengue e outras Arboviroses - SE 1 a 15.pdf,4,SE 01 a 15/2025 (14/04/2025)
Informe Semanal nº 09 - COE Dengue e outras Arboviroses - SE 1 a 15.pdf,4,4
Informe Semanal nº 09 - COE Dengue e outras Arboviroses - SE 1 a 15.pdf,5,INFORME SEMANAL No 09
Informe Semanal nº 09 - COE Dengue e outras Arboviroses - SE 1 a 15.pdf,5,SE 01 a 15/2025 (14/04/2025)
Informe Semanal nº 09 - COE Dengue e outras Arboviroses - SE 1 a 15.pdf,5,5
Informe Semanal nº 09 - COE Dengue e outras Arboviroses - SE 1 a 15.pdf,6,INFORME SEMANAL No 09
Informe Semanal nº 09 - COE Dengue e outras Arboviroses - SE 1 a 15.pdf,6,SE 01 a 15/2025 (14/04/2025)
Informe Semanal nº 09 - COE Dengue e outras Arboviroses - SE 1 a 15.pdf,6,6
Informe Semanal nº 09 - COE Dengue e outras Arboviroses - SE 1 a 15.pdf,7,INFORME SEMANAL No 09
Informe Semanal nº 09 - COE Dengue e outras Arboviroses - SE 1 a 15.pdf,7,SE 01 a 15/2025 (14/04/2025)
Informe Semanal nº 09 - COE Dengue e outras Arboviroses - SE 1 a 15.pdf,7,7
Informe Semanal nº 09 - COE Dengue e outras Arboviroses - SE 1 a 15.pdf,8,INFORME SEMANAL No 09
Informe Semanal nº 09 - COE Dengue e outras Arboviroses - SE 1 a 15.pdf,8,SE 01 a 15/2025 (14/04/2025)
Informe Semanal nº 09 - COE Dengue e outras Arboviroses - SE 1 a 15.pdf,8,8
Informe Semanal nº 09 - COE Dengue e outras Arboviroses - SE 1 a 15.pdf,9,INFORME SEMANAL No 09
Informe Semanal nº 09 - COE Dengue e outras Arboviroses - SE 1 a 15.pdf,9,SE 01 a 15/2025 (14/04/2025)
Informe Semanal nº 09 - COE Dengue e outras Arboviroses - SE 1 a 15.pdf,9,9
Informe Semanal nº 09 - COE Dengue e outras Arboviroses - SE 1 a 15.pdf,10,INFORME SEMANAL No 09
Informe Semanal nº 09 - COE Dengue e outras Arboviroses - SE 1 a 15.pdf,10,SE 01 a 15/2025 (14/04/2025)
Informe Semanal nº 09 - COE Dengue e outras Arboviroses - SE 1 a 15.pdf,10,10
Informe Semanal nº 09 - COE Dengue e outras Arboviroses - SE 1 a 15.pdf,11,INFORME SEMANAL No 09
Informe Semanal nº 09 - COE Dengue e outras Arboviroses - SE 1 a 15.pdf,11,SE 01 a 15/2025 (14/04/2025)
Informe Semanal nº 09 - COE Dengue e outras Arboviroses - SE 1 a 15.pdf,11,11
Informe Semanal nº 09 - COE Dengue e outras Arboviroses - SE 1 a 15.pdf,12,INFORME SEMANAL No 09
Informe Semanal nº 09 - COE Dengue e outras Arboviroses - SE 1 a 15.pdf,12,SE 01 a 15/2025 (14/04/2025)
Informe Semanal nº 09 - COE Dengue e outras Arboviroses - SE 1 a 15.pdf,12,12
Informe Semanal nº 09 - COE Dengue e outras Arboviroses - SE 1 a 15.pdf,13,INFORME SEMANAL No 09
Informe Semanal nº 09 - COE Dengue e outras Arboviroses - SE 1 a 15.pdf,13,SE 01 a 15/2025 (14/04/2025)
Informe Semanal nº 09 - COE Dengue e outras Arboviroses - SE 1 a 15.pdf,13,13
Informe Semanal nº 09 - COE Dengue e outras Arboviroses - SE 1 a 15.pdf,14,INFORME SEMANAL No 09
Informe Semanal nº 09 - COE Dengue e outras Arboviroses - SE 1 a 15.pdf,14,SE 01 a 15/2025 (14/04/2025)
Informe Semanal nº 09 - COE Dengue e outras Arboviroses - SE 1 a 15.pdf,14,14
Informe Semanal nº 09 - COE Dengue e outras Arboviroses - SE 1 a 15.pdf,15,INFORME SEMANAL No 09
Informe Semanal nº 09 - COE Dengue e outras Arboviroses - SE 1 a 15.pdf,15,SE 01 a 15/2025 (14/04/2025)
Informe Semanal nº 09 - COE Dengue e outras Arboviroses - SE 1 a 15.pdf,15,15
Informe Semanal nº 09 - COE Dengue e outras Arboviroses - SE 1 a 15.pdf,16,INFORME SEMANAL No 09
Informe Semanal nº 09 - COE Dengue e outras Arboviroses - SE 1 a 15.pdf,16,SE 01 a 15/2025 (14/04/2025)
Informe Semanal nº 09 - COE Dengue e outras Arboviroses - SE 1 a 15.pdf,16,16
Informe Semanal nº 09 - COE Dengue e outras Arboviroses - SE 1 a 15.pdf,17,INFORME SEMANAL No 09
Informe Semanal nº 09 - COE Dengue e outras Arboviroses - SE 1 a 15.pdf,17,SE 01 a 15/2025 (14/04/2025)
Informe Semanal nº 09 - COE Dengue e outras Arboviroses - SE 1 a 15.pdf,17,17
Informe Semanal nº 09 - COE Dengue e outras Arboviroses - SE 1 a 15.pdf,18,INFORME SEMANAL No 09
Informe Semanal nº 09 - COE Dengue e outras Arboviroses - SE 1 a 15.pdf,18,SE 01 a 15/2025 (14/04/2025)
Informe Semanal nº 09 - COE Dengue e outras Arboviroses - SE 1 a 15.pdf,18,18
Informe Semanal nº 09 - COE Dengue e outras Arboviroses - SE 1 a 15.pdf,19,INFORME SEMANAL No 09
Informe Semanal nº 09 - COE Dengue e outras Arboviroses - SE 1 a 15.pdf,19,SE 01 a 15/2025 (14/04/2025)
Informe Semanal nº 09 - COE Dengue e outras Arboviroses - SE 1 a 15.pdf,19,19
Informe Semanal nº 09 - COE Dengue e outras Arboviroses - SE 1 a 15.pdf,20,INFORME SEMANAL No 09
Informe Semanal nº 09 - COE Dengue e outras Arboviroses - SE 1 a 15.pdf,20,SE 01 a 15/2025 (14/04/2025)
Informe Semanal nº 09 - COE Dengue e outras Arboviroses - SE 1 a 15.pdf,20,20
Informe Semanal nº 10 - COE Dengue e outras Arboviroses - SE 1 a 16.pdf,2,INFORME SEMANAL No 10
Informe Semanal nº 10 - COE Dengue e outras Arboviroses - SE 1 a 16.pdf,2,SE 01 a 16/2025 (22/04/2025)
Informe Semanal nº 10 - COE Dengue e outras Arboviroses - SE 1 a 16.pdf,2,2
Informe Semanal nº 10 - COE Dengue e outras Arboviroses - SE 1 a 16.pdf,3,INFORME SEMANAL No 10
Informe Semanal nº 10 - COE Dengue e outras Arboviroses - SE 1 a 16.pdf,3,SE 01 a 16/2025 (22/04/2025)
Informe Semanal nº 10 - COE Dengue e outras Arboviroses - SE 1 a 16.pdf,3,3
Informe Semanal nº 10 - COE Dengue e outras Arboviroses - SE 1 a 16.pdf,4,INFORME SEMANAL No 10
Informe Semanal nº 10 - COE Dengue e outras Arboviroses - SE 1 a 16.pdf,4,SE 01 a 16/2025 (22/04/2025)
Informe Semanal nº 10 - COE Dengue e outras Arboviroses - SE 1 a 16.pdf,4,4
Informe Semanal nº 10 - COE Dengue e outras Arboviroses - SE 1 a 16.pdf,5,INFORME SEMANAL No 10
Informe Semanal nº 10 - COE Dengue e outras Arboviroses - SE 1 a 16.pdf,5,SE 01 a 16/2025 (22/04/2025)
Informe Semanal nº 10 - COE Dengue e outras Arboviroses - SE 1 a 16.pdf,5,5
Informe Semanal nº 10 - COE Dengue e outras Arboviroses - SE 1 a 16.pdf,6,INFORME SEMANAL No 10
Informe Semanal nº 10 - COE Dengue e outras Arboviroses - SE 1 a 16.pdf,6,SE 01 a 16/2025 (22/04/2025)
Informe Semanal nº 10 - COE Dengue e outras Arboviroses - SE 1 a 16.pdf,6,6
Informe Semanal nº 10 - COE Dengue e outras Arboviroses - SE 1 a 16.pdf,7,INFORME SEMANAL No 10
Informe Semanal nº 10 - COE Dengue e outras Arboviroses - SE 1 a 16.pdf,7,SE 01 a 16/2025 (22/04/2025)
Informe Semanal nº 10 - COE Dengue e outras Arboviroses - SE 1 a 16.pdf,7,7
Informe Semanal nº 10 - COE Dengue e outras Arboviroses - SE 1 a 16.pdf,8,INFORME SEMANAL No 10
Informe Semanal nº 10 - COE Dengue e outras Arboviroses - SE 1 a 16.pdf,8,SE 01 a 16/2025 (22/04/2025)
Informe Semanal nº 10 - COE Dengue e outras Arboviroses - SE 1 a 16.pdf,8,8
Informe Semanal nº 10 - COE Dengue e outras Arboviroses - SE 1 a 16.pdf,9,INFORME SEMANAL No 10
Informe Semanal nº 10 - COE Dengue e outras Arboviroses - SE 1 a 16.pdf,9,SE 01 a 16/2025 (22/04/2025)
Informe Semanal nº 10 - COE Dengue e outras Arboviroses - SE 1 a 16.pdf,9,9
Informe Semanal nº 10 - COE Dengue e outras Arboviroses - SE 1 a 16.pdf,10,INFORME SEMANAL No 10
Informe Semanal nº 10 - COE Dengue e outras Arboviroses - SE 1 a 16.pdf,10,SE 01 a 16/2025 (22/04/2025)
Informe Semanal nº 10 - COE Dengue e outras Arboviroses - SE 1 a 16.pdf,10,10
Informe Semanal nº 10 - COE Dengue e outras Arboviroses - SE 1 a 16.pdf,11,INFORME SEMANAL No 10
Informe Semanal nº 10 - COE Dengue e outras Arboviroses - SE 1 a 16.pdf,11,SE 01 a 16/2025 (22/04/2025)
Informe Semanal nº 10 - COE Dengue e outras Arboviroses - SE 1 a 16.pdf,11,11
Informe Semanal nº 10 - COE Dengue e outras Arboviroses - SE 1 a 16.pdf,12,INFORME SEMANAL No 10
Informe Semanal nº 10 - COE Dengue e outras Arboviroses - SE 1 a 16.pdf,12,SE 01 a 16/2025 (22/04/2025)
Informe Semanal nº 10 - COE Dengue e outras Arboviroses - SE 1 a 16.pdf,12,12
Informe Semanal nº 10 - COE Dengue e outras Arboviroses - SE 1 a 16.pdf,13,INFORME SEMANAL No 10
Informe Semanal nº 10 - COE Dengue e outras Arboviroses - SE 1 a 16.pdf,13,SE 01 a 16/2025 (22/04/2025)
Informe Semanal nº 10 - COE Dengue e outras Arboviroses - SE 1 a 16.pdf,13,13
Informe Semanal nº 10 - COE Dengue e outras Arboviroses - SE 1 a 16.pdf,14,INFORME SEMANAL No 10
Informe Semanal nº 10 - COE Dengue e outras Arboviroses - SE 1 a 16.pdf,14,SE 01 a 16/2025 (22/04/2025)
Informe Semanal nº 10 - COE Dengue e outras Arboviroses - SE 1 a 16.pdf,14,14
Informe Semanal nº 10 - COE Dengue e outras Arboviroses - SE 1 a 16.pdf,15,INFORME SEMANAL No 10
Informe Semanal nº 10 - COE Dengue e outras Arboviroses - SE 1 a 16.pdf,15,SE 01 a 16/2025 (22/04/2025)
Informe Semanal nº 10 - COE Dengue e outras Arboviroses - SE 1 a 16.pdf,15,15
Informe Semanal nº 10 - COE Dengue e outras Arboviroses - SE 1 a 16.pdf,16,INFORME SEMANAL No 10
Informe Semanal nº 10 - COE Dengue e outras Arboviroses - SE 1 a 16.pdf,16,SE 01 a 16/2025 (22/04/2025)
Informe Semanal nº 10 - COE Dengue e outras Arboviroses - SE 1 a 16.pdf,16,16
Informe Semanal nº 10 - COE Dengue e outras Arboviroses - SE 1 a 16.pdf,17,INFORME SEMANAL No 10
Informe Semanal nº 10 - COE Dengue e outras Arboviroses - SE 1 a 16.pdf,17,SE 01 a 16/2025 (22/04/2025)
Informe Semanal nº 10 - COE Dengue e outras Arboviroses - SE 1 a 16.pdf,17,17
Informe Semanal nº 10 - COE Dengue e outras Arboviroses - SE 1 a 16.pdf,18,INFORME SEMANAL No 10
Informe Semanal nº 10 - COE Dengue e outras Arboviroses - SE 1 a 16.pdf,18,SE 01 a 16/2025 (22/04/2025)
Informe Semanal nº 10 - COE Dengue e outras Arboviroses - SE 1 a 16.pdf,18,18
Informe Semanal nº 10 - COE Dengue e outras Arboviroses - SE 1 a 16.pdf,19,INFORME SEMANAL No 10
Informe Semanal nº 10 - COE Dengue e outras Arboviroses - SE 1 a 16.pdf,19,SE 01 a 16/2025 (22/04/2025)
Informe Semanal nº 10 - COE Dengue e outras Arboviroses - SE 1 a 16.pdf,19,19
Informe Semanal nº 10 - COE Dengue e outras Arboviroses - SE 1 a 16.pdf,20,INFORME SEMANAL No 10
Informe Semanal nº 10 - COE Dengue e outras Arboviroses - SE 1 a 16.pdf,20,SE 01 a 16/2025 (22/04/2025)
Informe Semanal nº 10 - COE Dengue e outras Arboviroses - SE 1 a 16.pdf,20,20
Informe Semanal nº 11 - COE Dengue e outras Arboviroses - SE 1 a 17 - 13 de maio.pdf,2,INFORME SEMANAL No 11
Informe Semanal nº 11 - COE Dengue e outras Arboviroses - SE 1 a 17 - 13 de maio.pdf,2,SE 01 a 17/2025 (28/04/2025)
Informe Semanal nº 11 - COE Dengue e outras Arboviroses - SE 1 a 17 - 13 de maio.pdf,2,2
Informe Semanal nº 11 - COE Dengue e outras Arboviroses - SE 1 a 17 - 13 de maio.pdf,3,INFORME SEMANAL No 11
Informe Semanal nº 11 - COE Dengue e outras Arboviroses - SE 1 a 17 - 13 de maio.pdf,3,SE 01 a 17/2025 (28/04/2025)
Informe Semanal nº 11 - COE Dengue e outras Arboviroses - SE 1 a 17 - 13 de maio.pdf,3,3
Informe Semanal nº 11 - COE Dengue e outras Arboviroses - SE 1 a 17 - 13 de maio.pdf,4,INFORME SEMANAL No 11
Informe Semanal nº 11 - COE Dengue e outras Arboviroses - SE 1 a 17 - 13 de maio.pdf,4,SE 01 a 17/2025 (28/04/2025)
Informe Semanal nº 11 - COE Dengue e outras Arboviroses - SE 1 a 17 - 13 de maio.pdf,4,4
Informe Semanal nº 11 - COE Dengue e outras Arboviroses - SE 1 a 17 - 13 de maio.pdf,5,INFORME SEMANAL No 11
Informe Semanal nº 11 - COE Dengue e outras Arboviroses - SE 1 a 17 - 13 de maio.pdf,5,SE 01 a 17/2025 (28/04/2025)
Informe Semanal nº 11 - COE Dengue e outras Arboviroses - SE 1 a 17 - 13 de maio.pdf,5,5
Informe Semanal nº 11 - COE Dengue e outras Arboviroses - SE 1 a 17 - 13 de maio.pdf,6,INFORME SEMANAL No 11
Informe Semanal nº 11 - COE Dengue e outras Arboviroses - SE 1 a 17 - 13 de maio.pdf,6,SE 01 a 17/2025 (28/04/2025)
Informe Semanal nº 11 - COE Dengue e outras Arboviroses - SE 1 a 17 - 13 de maio.pdf,6,6
Informe Semanal nº 11 - COE Dengue e outras Arboviroses - SE 1 a 17 - 13 de maio.pdf,7,INFORME SEMANAL No 11
Informe Semanal nº 11 - COE Dengue e outras Arboviroses - SE 1 a 17 - 13 de maio.pdf,7,SE 01 a 17/2025 (28/04/2025)
Informe Semanal nº 11 - COE Dengue e outras Arboviroses - SE 1 a 17 - 13 de maio.pdf,7,7
Informe Semanal nº 11 - COE Dengue e outras Arboviroses - SE 1 a 17 - 13 de maio.pdf,8,INFORME SEMANAL No 11
Informe Semanal nº 11 - COE Dengue e outras Arboviroses - SE 1 a 17 - 13 de maio.pdf,8,SE 01 a 17/2025 (28/04/2025)
Informe Semanal nº 11 - COE Dengue e outras Arboviroses - SE 1 a 17 - 13 de maio.pdf,8,8
Informe Semanal nº 11 - COE Dengue e outras Arboviroses - SE 1 a 17 - 13 de maio.pdf,9,INFORME SEMANAL No 11
Informe Semanal nº 11 - COE Dengue e outras Arboviroses - SE 1 a 17 - 13 de maio.pdf,9,SE 01 a 17/2025 (28/04/2025)
Informe Semanal nº 11 - COE Dengue e outras Arboviroses - SE 1 a 17 - 13 de maio.pdf,9,9
Informe Semanal nº 11 - COE Dengue e outras Arboviroses - SE 1 a 17 - 13 de maio.pdf,10,INFORME SEMANAL No 11
Informe Semanal nº 11 - COE Dengue e outras Arboviroses - SE 1 a 17 - 13 de maio.pdf,10,SE 01 a 17/2025 (28/04/2025)
Informe Semanal nº 11 - COE Dengue e outras Arboviroses - SE 1 a 17 - 13 de maio.pdf,10,10
Informe Semanal nº 11 - COE Dengue e outras Arboviroses - SE 1 a 17 - 13 de maio.pdf,11,INFORME SEMANAL No 11
Informe Semanal nº 11 - COE Dengue e outras Arboviroses - SE 1 a 17 - 13 de maio.pdf,11,SE 01 a 17/2025 (28/04/2025)
Informe Semanal nº 11 - COE Dengue e outras Arboviroses - SE 1 a 17 - 13 de maio.pdf,11,11
Informe Semanal nº 11 - COE Dengue e outras Arboviroses - SE 1 a 17 - 13 de maio.pdf,12,INFORME SEMANAL No 10
Informe Semanal nº 11 - COE Dengue e outras Arboviroses - SE 1 a 17 - 13 de maio.pdf,12,SE 01 a 16/2025 (22/04/2025)
Informe Semanal nº 11 - COE Dengue e outras Arboviroses - SE 1 a 17 - 13 de maio.pdf,12,12
Informe Semanal nº 11 - COE Dengue e outras Arboviroses - SE 1 a 17 - 13 de maio.pdf,13,INFORME SEMANAL No 11
Informe Semanal nº 11 - COE Dengue e outras Arboviroses - SE 1 a 17 - 13 de maio.pdf,13,SE 01 a 17/2025 (28/04/2025)
Informe Semanal nº 11 - COE Dengue e outras Arboviroses - SE 1 a 17 - 13 de maio.pdf,13,13
Informe Semanal nº 11 - COE Dengue e outras Arboviroses - SE 1 a 17 - 13 de maio.pdf,14,INFORME SEMANAL No 10
Informe Semanal nº 11 - COE Dengue e outras Arboviroses - SE 1 a 17 - 13 de maio.pdf,14,SE 01 a 17/2025 (28/04/2025)
Informe Semanal nº 11 - COE Dengue e outras Arboviroses - SE 1 a 17 - 13 de maio.pdf,14,14
Informe Semanal nº 11 - COE Dengue e outras Arboviroses - SE 1 a 17 - 13 de maio.pdf,15,INFORME SEMANAL No 11
Informe Semanal nº 11 - COE Dengue e outras Arboviroses - SE 1 a 17 - 13 de maio.pdf,15,SE 01 a 17/2025 (28/04/2025)
Informe Semanal nº 11 - COE Dengue e outras Arboviroses - SE 1 a 17 - 13 de maio.pdf,15,15
Informe Semanal nº 11 - COE Dengue e outras Arboviroses - SE 1 a 17 - 13 de maio.pdf,16,INFORME SEMANAL No 10
Informe Semanal nº 11 - COE Dengue e outras Arboviroses - SE 1 a 17 - 13 de maio.pdf,16,SE 01 a 16/2025 (22/04/2025)
Informe Semanal nº 11 - COE Dengue e outras Arboviroses - SE 1 a 17 - 13 de maio.pdf,16,16
Informe Semanal nº 11 - COE Dengue e outras Arboviroses - SE 1 a 17 - 13 de maio.pdf,17,INFORME SEMANAL No 11
Informe Semanal nº 11 - COE Dengue e outras Arboviroses - SE 1 a 17 - 13 de maio.pdf,17,SE 01 a 17/2025 (28/04/2025)
Informe Semanal nº 11 - COE Dengue e outras Arboviroses - SE 1 a 17 - 13 de maio.pdf,17,17
Informe Semanal nº 11 - COE Dengue e outras Arboviroses - SE 1 a 17 - 13 de maio.pdf,18,INFORME SEMANAL No 11
Informe Semanal nº 11 - COE Dengue e outras Arboviroses - SE 1 a 17 - 13 de maio.pdf,18,SE 01 a 17/2025 (28/04/2025)
Informe Semanal nº 11 - COE Dengue e outras Arboviroses - SE 1 a 17 - 13 de maio.pdf,18,18
Informe Semanal nº 11 - COE Dengue e outras Arboviroses - SE 1 a 17 - 13 de maio.pdf,19,INFORME SEMANAL No 11
Informe Semanal nº 11 - COE Dengue e outras Arboviroses - SE 1 a 17 - 13 de maio.pdf,19,SE 01 a 17/2025 (28/04/2025)
Informe Semanal nº 11 - COE Dengue e outras Arboviroses - SE 1 a 17 - 13 de maio.pdf,19,19
Informe Semanal nº 11 - COE Dengue e outras Arboviroses - SE 1 a 17 - 13 de maio.pdf,20,INFORME SEMANAL No 11
Informe Semanal nº 11 - COE Dengue e outras Arboviroses - SE 1 a 17 - 13 de maio.pdf,20,SE 01 a 17/2025 (28/04/2025)
Informe Semanal nº 11 - COE Dengue e outras Arboviroses - SE 1 a 17 - 13 de maio.pdf,20,20
Informe Semanal nº 12 - COE Dengue e outras Arboviroses - SE 1 a 18 - 15 de maio.pdf,2,INFORME SEMANAL No 12
Informe Semanal nº 12 - COE Dengue e outras Arboviroses - SE 1 a 18 - 15 de maio.pdf,2,SE 01 a 18/2025 (05/05/2025)
Informe Semanal nº 12 - COE Dengue e outras Arboviroses - SE 1 a 18 - 15 de maio.pdf,2,2
Informe Semanal nº 12 - COE Dengue e outras Arboviroses - SE 1 a 18 - 15 de maio.pdf,3,INFORME SEMANAL No 12
Informe Semanal nº 12 - COE Dengue e outras Arboviroses - SE 1 a 18 - 15 de maio.pdf,3,SE 01 a 18/2025 (05/05/2025)
Informe Semanal nº 12 - COE Dengue e outras Arboviroses - SE 1 a 18 - 15 de maio.pdf,3,3
Informe Semanal nº 12 - COE Dengue e outras Arboviroses - SE 1 a 18 - 15 de maio.pdf,4,INFORME SEMANAL No 12
Informe Semanal nº 12 - COE Dengue e outras Arboviroses - SE 1 a 18 - 15 de maio.pdf,4,SE 01 a 18/2025 (05/05/2025)
Informe Semanal nº 12 - COE Dengue e outras Arboviroses - SE 1 a 18 - 15 de maio.pdf,4,4
Informe Semanal nº 12 - COE Dengue e outras Arboviroses - SE 1 a 18 - 15 de maio.pdf,5,INFORME SEMANAL No 12
Informe Semanal nº 12 - COE Dengue e outras Arboviroses - SE 1 a 18 - 15 de maio.pdf,5,SE 01 a 18/2025 (05/05/2025)
Informe Semanal nº 12 - COE Dengue e outras Arboviroses - SE 1 a 18 - 15 de maio.pdf,5,5
Informe Semanal nº 12 - COE Dengue e outras Arboviroses - SE 1 a 18 - 15 de maio.pdf,6,INFORME SEMANAL No 12
Informe Semanal nº 12 - COE Dengue e outras Arboviroses - SE 1 a 18 - 15 de maio.pdf,6,SE 01 a 18/2025 (05/05/2025)
Informe Semanal nº 12 - COE Dengue e outras Arboviroses - SE 1 a 18 - 15 de maio.pdf,6,6
Informe Semanal nº 12 - COE Dengue e outras Arboviroses - SE 1 a 18 - 15 de maio.pdf,7,INFORME SEMANAL No 12
Informe Semanal nº 12 - COE Dengue e outras Arboviroses - SE 1 a 18 - 15 de maio.pdf,7,SE 01 a 18/2025 (05/05/2025)
Informe Semanal nº 12 - COE Dengue e outras Arboviroses - SE 1 a 18 - 15 de maio.pdf,7,7
Informe Semanal nº 12 - COE Dengue e outras Arboviroses - SE 1 a 18 - 15 de maio.pdf,8,INFORME SEMANAL No 12
Informe Semanal nº 12 - COE Dengue e outras Arboviroses - SE 1 a 18 - 15 de maio.pdf,8,SE 01 a 18/2025 (05/05/2025)
Informe Semanal nº 12 - COE Dengue e outras Arboviroses - SE 1 a 18 - 15 de maio.pdf,8,8
Informe Semanal nº 12 - COE Dengue e outras Arboviroses - SE 1 a 18 - 15 de maio.pdf,9,INFORME SEMANAL No 12
Informe Semanal nº 12 - COE Dengue e outras Arboviroses - SE 1 a 18 - 15 de maio.pdf,9,SE 01 a 18/2025 (05/05/2025)
Informe Semanal nº 12 - COE Dengue e outras Arboviroses - SE 1 a 18 - 15 de maio.pdf,9,9
Informe Semanal nº 12 - COE Dengue e outras Arboviroses - SE 1 a 18 - 15 de maio.pdf,10,INFORME SEMANAL No 12
Informe Semanal nº 12 - COE Dengue e outras Arboviroses - SE 1 a 18 - 15 de maio.pdf,10,SE 01 a 18/2025 (05/05/2025)
Informe Semanal nº 12 - COE Dengue e outras Arboviroses - SE 1 a 18 - 15 de maio.pdf,10,10
Informe Semanal nº 12 - COE Dengue e outras Arboviroses - SE 1 a 18 - 15 de maio.pdf,11,INFORME SEMANAL No 12
Informe Semanal nº 12 - COE Dengue e outras Arboviroses - SE 1 a 18 - 15 de maio.pdf,11,SE 01 a 18/2025 (05/05/2025)
Informe Semanal nº 12 - COE Dengue e outras Arboviroses - SE 1 a 18 - 15 de maio.pdf,11,11
Informe Semanal nº 12 - COE Dengue e outras Arboviroses - SE 1 a 18 - 15 de maio.pdf,12,INFORME SEMANAL No 12
Informe Semanal nº 12 - COE Dengue e outras Arboviroses - SE 1 a 18 - 15 de maio.pdf,12,SE 01 a 18/2025 (05/05/2025)
Informe Semanal nº 12 - COE Dengue e outras Arboviroses - SE 1 a 18 - 15 de maio.pdf,12,12
Informe Semanal nº 12 - COE Dengue e outras Arboviroses - SE 1 a 18 - 15 de maio.pdf,13,INFORME SEMANAL No 12
Informe Semanal nº 12 - COE Dengue e outras Arboviroses - SE 1 a 18 - 15 de maio.pdf,13,SE 01 a 18/2025 (05/05/2025)
Informe Semanal nº 12 - COE Dengue e outras Arboviroses - SE 1 a 18 - 15 de maio.pdf,13,13
Informe Semanal nº 12 - COE Dengue e outras Arboviroses - SE 1 a 18 - 15 de maio.pdf,14,INFORME SEMANAL No 12
Informe Semanal nº 12 - COE Dengue e outras Arboviroses - SE 1 a 18 - 15 de maio.pdf,14,SE 01 a 18/2025 (05/05/2025)
Informe Semanal nº 12 - COE Dengue e outras Arboviroses - SE 1 a 18 - 15 de maio.pdf,14,14
Informe Semanal nº 12 - COE Dengue e outras Arboviroses - SE 1 a 18 - 15 de maio.pdf,15,INFORME SEMANAL No 12
Informe Semanal nº 12 - COE Dengue e outras Arboviroses - SE 1 a 18 - 15 de maio.pdf,15,SE 01 a 18/2025 (05/05/2025)
Informe Semanal nº 12 - COE Dengue e outras Arboviroses - SE 1 a 18 - 15 de maio.pdf,15,15
Informe Semanal nº 12 - COE Dengue e outras Arboviroses - SE 1 a 18 - 15 de maio.pdf,16,INFORME SEMANAL No 12
Informe Semanal nº 12 - COE Dengue e outras Arboviroses - SE 1 a 18 - 15 de maio.pdf,16,SE 01 a 18/2025 (05/05/2025)
Informe Semanal nº 12 - COE Dengue e outras Arboviroses - SE 1 a 18 - 15 de maio.pdf,16,16
Informe Semanal nº 12 - COE Dengue e outras Arboviroses - SE 1 a 18 - 15 de maio.pdf,17,INFORME SEMANAL No 12
Informe Semanal nº 12 - COE Dengue e outras Arboviroses - SE 1 a 18 - 15 de maio.pdf,17,SE 01 a 18/2025 (05/05/2025)
Informe Semanal nº 12 - COE Dengue e outras Arboviroses - SE 1 a 18 - 15 de maio.pdf,17,17
Informe Semanal nº 12 - COE Dengue e outras Arboviroses - SE 1 a 18 - 15 de maio.pdf,18,INFORME SEMANAL No 12
Informe Semanal nº 12 - COE Dengue e outras Arboviroses - SE 1 a 18 - 15 de maio.pdf,18,SE 01 a 18/2025 (05/05/2025)
Informe Semanal nº 12 - COE Dengue e outras Arboviroses - SE 1 a 18 - 15 de maio.pdf,18,18
Informe Semanal nº 12 - COE Dengue e outras Arboviroses - SE 1 a 18 - 15 de maio.pdf,19,INFORME SEMANAL No 12
Informe Semanal nº 12 - COE Dengue e outras Arboviroses - SE 1 a 18 - 15 de maio.pdf,19,SE 01 a 18/2025 (05/05/2025)
Informe Semanal nº 12 - COE Dengue e outras Arboviroses - SE 1 a 18 - 15 de maio.pdf,19,19
Informe Semanal nº 12 - COE Dengue e outras Arboviroses - SE 1 a 18 - 15 de maio.pdf,20,INFORME SEMANAL No 12
Informe Semanal nº 12 - COE Dengue e outras Arboviroses - SE 1 a 18 - 15 de maio.pdf,20,SE 01 a 18/2025 (05/05/2025)
Informe Semanal nº 12 - COE Dengue e outras Arboviroses - SE 1 a 18 - 15 de maio.pdf,20,20
Informe Semanal nº 14.pdf,2,INFORME SEMANAL No 14
Informe Semanal nº 14.pdf,2,SE 01 a 20/2025 (19/05/2025)
Informe Semanal nº 14.pdf,2,2
Informe Semanal nº 14.pdf,3,INFORME SEMANAL No 14
Informe Semanal nº 14.pdf,3,SE 01 a 20/2025 (19/05/2025)
Informe Semanal nº 14.pdf,3,3
Informe Semanal nº 14.pdf,4,INFORME SEMANAL No 14
Informe Semanal nº 14.pdf,4,SE 01 a 20/2025 (19/05/2025)
Informe Semanal nº 14.pdf,4,4
Informe Semanal nº 14.pdf,5,INFORME SEMANAL No 14
Informe Semanal nº 14.pdf,5,SE 01 a 20/2025 (19/05/2025)
Informe Semanal nº 14.pdf,5,5
Informe Semanal nº 14.pdf,6,INFORME SEMANAL No 14
Informe Semanal nº 14.pdf,6,SE 01 a 19/2025 (12/05/2025)
Informe Semanal nº 14.pdf,6,6
Informe Semanal nº 14.pdf,7,INFORME SEMANAL No 14
Informe Semanal nº 14.pdf,7,SE 01 a 20/2025 (19/05/2025)
Informe Semanal nº 14.pdf,7,7
Informe Semanal nº 14.pdf,8,INFORME SEMANAL No 14
Informe Semanal nº 14.pdf,8,SE 01 a 20/2025 (19/05/2025)
Informe Semanal nº 14.pdf,8,8
Informe Semanal nº 14.pdf,9,INFORME SEMANAL No 14
Informe Semanal nº 14.pdf,9,SE 01 a 20/2025 (19/05/2025)
Informe Semanal nº 14.pdf,9,9
Informe Semanal nº 14.pdf,10,INFORME SEMANAL No 14
Informe Semanal nº 14.pdf,10,SE 01 a 20/2025 (19/05/2025)
Informe Semanal nº 14.pdf,10,10
Informe Semanal nº 14.pdf,11,INFORME SEMANAL No 14
Informe Semanal nº 14.pdf,11,SE 01 a 20/2025 (22/05/2025)
Informe Semanal nº 14.pdf,11,11
Informe Semanal nº 14.pdf,12,INFORME SEMANAL No 14
Informe Semanal nº 14.pdf,12,SE 01 a 20/2025 (19/05/2025)
Informe Semanal nº 14.pdf,12,12
Informe Semanal nº 14.pdf,13,INFORME SEMANAL No 14
Informe Semanal nº 14.pdf,13,SE 01 a 20/2025 (19/05/2025)
Informe Semanal nº 14.pdf,13,13
Informe Semanal nº 14.pdf,14,INFORME SEMANAL No 14
Informe Semanal nº 14.pdf,14,SE 01 a 20/2025 (19/05/2025)
Informe Semanal nº 14.pdf,14,14
Informe Semanal nº 14.pdf,15,INFORME SEMANAL No 14
Informe Semanal nº 14.pdf,15,SE 01 a 20/2025 (19/05/2025)
Informe Semanal nº 14.pdf,15,15
Informe Semanal nº 14.pdf,16,INFORME SEMANAL No 14
Informe Semanal nº 14.pdf,16,SE 01 a 20/2025 (19/05/2025)
Informe Semanal nº 14.pdf,16,16
Informe Semanal nº 14.pdf,17,INFORME SEMANAL No 14
Informe Semanal nº 14.pdf,17,SE 01 a 20/2025 (19/05/2025)
Informe Semanal nº 14.pdf,17,17
Informe Semanal nº 14.pdf,18,INFORME SEMANAL No 14
Informe Semanal nº 14.pdf,18,SE 01 a 20/2025 (19/05/2025)
Informe Semanal nº 14.pdf,18,18
Informe Semanal nº 14.pdf,19,INFORME SEMANAL No 14
Informe Semanal nº 14.pdf,19,SE 01 a 20/2025 (19/05/2025)
Informe Semanal nº 14.pdf,19,19
Informe Semanal nº 14.pdf,20,INFORME SEMANAL No 14
Informe Semanal nº 14.pdf,20,SE 01 a 20/2025 (19/05/2025)
Informe Semanal nº 14.pdf,20,20
Informe Semanal nº 15.pdf,2,INFORME SEMANAL No 15
Informe Semanal nº 15.pdf,2,SE 01 a 21/2025 (26/05/2025)
Informe Semanal nº 15.pdf,2,2
Informe Semanal nº 15.pdf,3,INFORME SEMANAL No 15
Informe Semanal nº 15.pdf,3,SE 01 a 21/2025 (26/05/2025)
Informe Semanal nº 15.pdf,3,3
Informe Semanal nº 15.pdf,4,INFORME SEMANAL No 15
Informe Semanal nº 15.pdf,4,SE 01 a 21/2025 (26/05/2025)
Informe Semanal nº 15.pdf,4,4
Informe Semanal nº 15.pdf,5,INFORME SEMANAL No 15
Informe Semanal nº 15.pdf,5,SE 01 a 21/2025 (26/05/2025)
Informe Semanal nº 15.pdf,5,5
Informe Semanal nº 15.pdf,6,INFORME SEMANAL No 15
Informe Semanal nº 15.pdf,6,SE 01 a 21/2025 (26/05/2025)
Informe Semanal nº 15.pdf,6,6
Informe Semanal nº 15.pdf,7,INFORME SEMANAL No 15
Informe Semanal nº 15.pdf,7,SE 01 a 21/2025 (26/05/2025)
Informe Semanal nº 15.pdf,7,7
Informe Semanal nº 15.pdf,8,INFORME SEMANAL No 15
Informe Semanal nº 15.pdf,8,SE 01 a 21/2025 (26/05/2025)
Informe Semanal nº 15.pdf,8,8
Informe Semanal nº 15.pdf,9,INFORME SEMANAL No 15
Informe Semanal nº 15.pdf,9,SE 01 a 21/2025 (26/05/2025)
Informe Semanal nº 15.pdf,9,9
Informe Semanal nº 15.pdf,10,INFORME SEMANAL No 15
Informe Semanal nº 15.pdf,10,SE 01 a 21/2025 (26/05/2025)
Informe Semanal nº 15.pdf,10,10
Informe Semanal nº 15.pdf,11,INFORME SEMANAL No 15
Informe Semanal nº 15.pdf,11,SE 01 a 21/2025 (26/05/2025)
Informe Semanal nº 15.pdf,11,11
Informe Semanal nº 15.pdf,12,INFORME SEMANAL No 15
Informe Semanal nº 15.pdf,12,SE 01 a 21/2025 (26/05/2025)
Informe Semanal nº 15.pdf,12,12
Informe Semanal nº 15.pdf,13,INFORME SEMANAL No 15
Informe Semanal nº 15.pdf,13,SE 01 a 21/2025 (26/05/2025)
Informe Semanal nº 15.pdf,13,13
Informe Semanal nº 15.pdf,14,INFORME SEMANAL No 15
Informe Semanal nº 15.pdf,14,SE 01 a 21/2025 (26/05/2025)
Informe Semanal nº 15.pdf,14,14
Informe Semanal nº 15.pdf,15,INFORME SEMANAL No 15
Informe Semanal nº 15.pdf,15,SE 01 a 21/2025 (26/05/2025)
Informe Semanal nº 15.pdf,15,15
Informe Semanal nº 15.pdf,16,INFORME SEMANAL No 15
Informe Semanal nº 15.pdf,16,SE 01 a 21/2025 (26/05/2025)
Informe Semanal nº 15.pdf,16,16
Informe Semanal nº 15.pdf,17,INFORME SEMANAL No 15
Informe Semanal nº 15.pdf,17,SE 01 a 21/2025 (26/05/2025)
Informe Semanal nº 15.pdf,17,17
Informe Semanal nº 15.pdf,18,INFORME SEMANAL No 15
Informe Semanal nº 15.pdf,18,SE 01 a 21/2025 (26/05/2025)
Informe Semanal nº 15.pdf,18,18
Informe Semanal nº 15.pdf,19,INFORME SEMANAL No 15
Informe Semanal nº 15.pdf,19,SE 01 a 21/2025 (26/05/2025)
Informe Semanal nº 15.pdf,19,19
Informe Semanal nº 15.pdf,20,INFORME SEMANAL No 15
Informe Semanal nº 15.pdf,20,SE 01 a 21/2025 (26/05/2025)
Informe Semanal nº 15.pdf,20,20
Informe Semanal nº 16.pdf,2,INFORME SEMANAL No 16
Informe Semanal nº 16.pdf,2,SE 01 a 22/2025 (02/06/2025)
Informe Semanal nº 16.pdf,2,2
Informe Semanal nº 16.pdf,3,INFORME SEMANAL No 16
Informe Semanal nº 16.pdf,3,SE 01 a 22/2025 (02/06/2025)
Informe Semanal nº 16.pdf,3,3
Informe Semanal nº 16.pdf,4,INFORME SEMANAL No 16
Informe Semanal nº 16.pdf,4,SE 01 a 22/2025 (02/06/2025)
Informe Semanal nº 16.pdf,4,4
Informe Semanal nº 16.pdf,5,INFORME SEMANAL No 16
Informe Semanal nº 16.pdf,5,SE 01 a 22/2025 (02/06/2025)
Informe Semanal nº 16.pdf,5,5
Informe Semanal nº 16.pdf,6,INFORME SEMANAL No 16
Informe Semanal nº 16.pdf,6,SE 01 a 22/2025 (02/06/2025)
Informe Semanal nº 16.pdf,6,6
Informe Semanal nº 16.pdf,7,INFORME SEMANAL No 16
Informe Semanal nº 16.pdf,7,SE 01 a 22/2025 (02/06/2025)
Informe Semanal nº 16.pdf,7,7
Informe Semanal nº 16.pdf,8,INFORME SEMANAL No 16
Informe Semanal nº 16.pdf,8,SE 01 a 22/2025 (02/06/2025)
Informe Semanal nº 16.pdf,8,8
Informe Semanal nº 16.pdf,9,INFORME SEMANAL No 16
Informe Semanal nº 16.pdf,9,SE 01 a 22/2025 (02/06/2025)
Informe Semanal nº 16.pdf,9,9
Informe Semanal nº 16.pdf,10,INFORME SEMANAL No 16
Informe Semanal nº 16.pdf,10,SE 01 a 22/2025 (02/06/2025)
Informe Semanal nº 16.pdf,10,10
Informe Semanal nº 16.pdf,11,INFORME SEMANAL No 16
Informe Semanal nº 16.pdf,11,SE 01 a 22/2025 (02/06/2025)
Informe Semanal nº 16.pdf,11,11
Informe Semanal nº 16.pdf,12,INFORME SEMANAL No 16
Informe Semanal nº 16.pdf,12,SE 01 a 22/2025 (02/06/2025)
Informe Semanal nº 16.pdf,12,12
Informe Semanal nº 16.pdf,13,INFORME SEMANAL No 16
Informe Semanal nº 16.pdf,13,SE 01 a 22/2025 (02/06/2025)
Informe Semanal nº 16.pdf,13,13
Informe Semanal nº 16.pdf,14,INFORME SEMANAL No 16
Informe Semanal nº 16.pdf,14,SE 01 a 22/2025 (02/06/2025)
Informe Semanal nº 16.pdf,14,14
Informe Semanal nº 16.pdf,15,INFORME SEMANAL No 16
Informe Semanal nº 16.pdf,15,SE 01 a 22/2025 (02/06/2025)
Informe Semanal nº 16.pdf,15,15
Informe Semanal nº 16.pdf,16,INFORME SEMANAL No 16
Informe Semanal nº 16.pdf,16,SE 01 a 22/2025 (02/06/2025)
Informe Semanal nº 16.pdf,16,16
Informe Semanal nº 16.pdf,17,INFORME SEMANAL No 16
Informe Semanal nº 16.pdf,17,SE 01 a 22/2025 (02/06/2025)
Informe Semanal nº 16.pdf,17,17
Informe Semanal nº 16.pdf,18,INFORME SEMANAL No 16
Informe Semanal nº 16.pdf,18,SE 01 a 22/2025 (02/06/2025)
Informe Semanal nº 16.pdf,18,18
Informe Semanal nº 16.pdf,19,INFORME SEMANAL No 16
Informe Semanal nº 16.pdf,19,SE 01 a 22/2025 (02/06/2025)
Informe Semanal nº 16.pdf,19,19
Informe Semanal nº 16.pdf,20,INFORME SEMANAL No 16
Informe Semanal nº 16.pdf,20,SE 01 a 22/2025 (02/06/2025)
Informe Semanal nº 16.pdf,20,20
Informe Semanal nº 17 (1).pdf,2,INFORME SEMANAL No 17
Informe Semanal nº 17 (1).pdf,2,SE 01 a 23/2025 (09/06/2025)
Informe Semanal nº 17 (1).pdf,2,2
Informe Semanal nº 17 (1).pdf,3,INFORME SEMANAL No 17
Informe Semanal nº 17 (1).pdf,3,SE 01 a 23/2025 (09/06/2025)
Informe Semanal nº 17 (1).pdf,3,3
Informe Semanal nº 17 (1).pdf,4,INFORME SEMANAL No 17
Informe Semanal nº 17 (1).pdf,4,SE 01 a 23/2025 (09/06/2025)
Informe Semanal nº 17 (1).pdf,4,4
Informe Semanal nº 17 (1).pdf,5,INFORME SEMANAL No 17
Informe Semanal nº 17 (1).pdf,5,SE 01 a 23/2025 (09/06/2025)
Informe Semanal nº 17 (1).pdf,5,5
Informe Semanal nº 17 (1).pdf,6,INFORME SEMANAL No 17
Informe Semanal nº 17 (1).pdf,6,SE 01 a 23/2025 (09/06/2025)
Informe Semanal nº 17 (1).pdf,6,6
Informe Semanal nº 17 (1).pdf,7,INFORME SEMANAL No 17
Informe Semanal nº 17 (1).pdf,7,SE 01 a 23/2025 (09/06/2025)
Informe Semanal nº 17 (1).pdf,7,7
Informe Semanal nº 17 (1).pdf,8,INFORME SEMANAL No 17
Informe Semanal nº 17 (1).pdf,8,SE 01 a 23/2025 (09/06/2025)
Informe Semanal nº 17 (1).pdf,8,8
Informe Semanal nº 17 (1).pdf,9,INFORME SEMANAL No 17
Informe Semanal nº 17 (1).pdf,9,SE 01 a 23/2025 (09/06/2025)
Informe Semanal nº 17 (1).pdf,9,9
Informe Semanal nº 17 (1).pdf,10,INFORME SEMANAL No 17
Informe Semanal nº 17 (1).pdf,10,SE 01 a 23/2025 (09/06/2025)
Informe Semanal nº 17 (1).pdf,10,10
Informe Semanal nº 17 (1).pdf,11,INFORME SEMANAL No 17
Informe Semanal nº 17 (1).pdf,11,SE 01 a 23/2025 (09/06/2025)
Informe Semanal nº 17 (1).pdf,11,11
Informe Semanal nº 17 (1).pdf,12,INFORME SEMANAL No 17
Informe Semanal nº 17 (1).pdf,12,SE 01 a 23/2025 (09/06/2025)
Informe Semanal nº 17 (1).pdf,12,12
Informe Semanal nº 17 (1).pdf,13,INFORME SEMANAL No 17
Informe Semanal nº 17 (1).pdf,13,SE 01 a 23/2025 (09/06/2025)
Informe Semanal nº 17 (1).pdf,13,13
Informe Semanal nº 17 (1).pdf,14,INFORME SEMANAL No 17
Informe Semanal nº 17 (1).pdf,14,SE 01 a 23/2025 (09/06/2025)
Informe Semanal nº 17 (1).pdf,14,14
Informe Semanal nº 17 (1).pdf,15,INFORME SEMANAL No 17
Informe Semanal nº 17 (1).pdf,15,SE 01 a 23/2025 (09/06/2025)
Informe Semanal nº 17 (1).pdf,15,15
Informe Semanal nº 17 (1).pdf,16,INFORME SEMANAL No 17
Informe Semanal nº 17 (1).pdf,16,SE 01 a 23/2025 (09/06/2025)
Informe Semanal nº 17 (1).pdf,16,16
Informe Semanal nº 17 (1).pdf,17,INFORME SEMANAL No 17
Informe Semanal nº 17 (1).pdf,17,SE 01 a 23/2025 (09/06/2025)
Informe Semanal nº 17 (1).pdf,17,17
Informe Semanal nº 17 (1).pdf,18,INFORME SEMANAL No 17
Informe Semanal nº 17 (1).pdf,18,SE 01 a 23/2025 (09/06/2025)
Informe Semanal nº 17 (1).pdf,18,18
Informe Semanal nº 17 (1).pdf,19,INFORME SEMANAL No 17
Informe Semanal nº 17 (1).pdf,19,SE 01 a 23/2025 (09/06/2025)
Informe Semanal nº 17 (1).pdf,19,19
Informe Semanal nº 17 (1).pdf,20,INFORME SEMANAL No 17
Informe Semanal nº 17 (1).pdf,20,SE 01 a 23/2025 (09/06/2025)
Informe Semanal nº 17 (1).pdf,20,20
Informe semanal nº 13.pdf,2,INFORME SEMANAL No 13
Informe semanal nº 13.pdf,2,SE 01 a 19/2025 (12/05/2025)
Informe semanal nº 13.pdf,2,2
Informe semanal nº 13.pdf,3,INFORME SEMANAL No 13
Informe semanal nº 13.pdf,3,SE 01 a 19/2025 (12/05/2025)
Informe semanal nº 13.pdf,3,3
Informe semanal nº 13.pdf,4,INFORME SEMANAL No 13
Informe semanal nº 13.pdf,4,SE 01 a 19/2025 (12/05/2025)
Informe semanal nº 13.pdf,4,4
Informe semanal nº 13.pdf,5,INFORME SEMANAL No 13
Informe semanal nº 13.pdf,5,SE 01 a 19/2025 (12/05/2025)
Informe semanal nº 13.pdf,5,5
Informe semanal nº 13.pdf,6,INFORME SEMANAL No 13
Informe semanal nº 13.pdf,6,SE 01 a 19/2025 (12/05/2025)
Informe semanal nº 13.pdf,6,6
Informe semanal nº 13.pdf,7,INFORME SEMANAL No 13
Informe semanal nº 13.pdf,7,SE 01 a 19/2025 (12/05/2025)
Informe semanal nº 13.pdf,7,7
Informe semanal nº 13.pdf,8,INFORME SEMANAL No 13
Informe semanal nº 13.pdf,8,SE 01 a 19/2025 (12/05/2025)
Informe semanal nº 13.pdf,8,8
Informe semanal nº 13.pdf,9,INFORME SEMANAL No 13
Informe semanal nº 13.pdf,9,SE 01 a 19/2025 (12/05/2025)
Informe semanal nº 13.pdf,9,9
Informe semanal nº 13.pdf,10,INFORME SEMANAL No 13
Informe semanal nº 13.pdf,10,SE 01 a 19/2025 (12/05/2025)
Informe semanal nº 13.pdf,10,10
Informe semanal nº 13.pdf,11,INFORME SEMANAL No 13
Informe semanal nº 13.pdf,11,SE 01 a 19/2025 (12/05/2025)
Informe semanal nº 13.pdf,11,11
Informe semanal nº 13.pdf,12,INFORME SEMANAL No 13
Informe semanal nº 13.pdf,12,SE 01 a 19/2025 (12/05/2025)
Informe semanal nº 13.pdf,12,12
Informe semanal nº 13.pdf,13,INFORME SEMANAL No 13
Informe semanal nº 13.pdf,13,SE 01 a 19/2025 (12/05/2025)
Informe semanal nº 13.pdf,13,13
Informe semanal nº 13.pdf,14,INFORME SEMANAL No 13
Informe semanal nº 13.pdf,14,SE 01 a 19/2025 (12/05/2025)
Informe semanal nº 13.pdf,14,14
Informe semanal nº 13.pdf,15,INFORME SEMANAL No 13
Informe semanal nº 13.pdf,15,SE 01 a 19/2025 (12/05/2025)
Informe semanal nº 13.pdf,15,15
Informe semanal nº 13.pdf,16,INFORME SEMANAL No 13
Informe semanal nº 13.pdf,16,SE 01 a 19/2025 (12/05/2025)
Informe semanal nº 13.pdf,16,16
Informe semanal nº 13.pdf,17,INFORME SEMANAL No 13
Informe semanal nº 13.pdf,17,SE 01 a 19/2025 (12/05/2025)
Informe semanal nº 13.pdf,17,17
Informe semanal nº 13.pdf,18,INFORME SEMANAL No 13
Informe semanal nº 13.pdf,18,SE 01 a 19/2025 (12/05/2025)
Informe semanal nº 13.pdf,18,18
Informe semanal nº 13.pdf,19,INFORME SEMANAL No 13
Informe semanal nº 13.pdf,19,SE 01 a 19/2025 (12/05/2025)
Informe semanal nº 13.pdf,19,19
Informe semanal nº 13.pdf,20,INFORME SEMANAL No 13
Informe semanal nº 13.pdf,20,SE 01 a 19/2025 (12/05/2025)
Informe semanal nº 13.pdf,20,20
