informe,pagina,grupo,termo,tipo_pagina,trecho,cod_municipio,homonimos,revisao,observacao
Informe Semanal nº 01 - COE Dengue e outras Arboviroses - SE 1 a 4  - 27 de janeiro.pdf,7,gravidade,graves,narrativa,"41 Casos prováveis Óbitos em 160 de casos investigação no mesmo Casos graves e com 1.082 período de sinais de alarme 1,9% Letalidade1 2024",,,,
Informe Semanal nº 01 - COE Dengue e outras Arboviroses - SE 1 a 4  - 27 de janeiro.pdf,16,localidade_uf,Roraima,tabela,"28 32,2 8,1 Acre 2.020 2.705 243,4 325,9 Amazonas 1.970 682 50,0 17,3 Roraima 33 48 5,2 7,5 Pará 1.151 1.515 14,2 18,7 Amapá 761 62 103,7 8,5 Tocan",,1.0,,
Informe Semanal nº 01 - COE Dengue e outras Arboviroses - SE 1 a 4  - 27 de janeiro.pdf,17,localidade_uf,Rio Grande do Norte,tabela,5 1 Nordeste 6 3 156 26 Maranhão 0 1 8 0 Piauí 0 0 11 1 Ceará 0 0 7 1 Rio Grande do Norte 1 0 4 0 Paraíba 1 0 1 2 Pernambuco 1 0 3 0 Alagoas 0 1 6 1 Sergipe 0 ,,1.0,,
Informe Semanal nº 02 - COE Dengue e outras Arboviroses - SE 1 a 8 - 24 de fevereiro.pdf,7,gravidade,letalidade,narrativa,"ão no mesmo Casos graves e com 4.014 período de sinais de alarme 4,0% Letalidade1 2024",,,,
Informe Semanal nº 02 - COE Dengue e outras Arboviroses - SE 1 a 8 - 24 de fevereiro.pdf,16,localidade_uf,Rio de Janeiro,tabela," 373.362 45.696 1.817,8 222,5 Espírito Santo 20.939 7.269 546,2 189,6 Rio de Janeiro 76.358 8.353 475,6 52,0 São Paulo 146.975 232.544 330,9 523,5 Sul 149",,2.0,,
Informe Semanal nº 04 - COE Dengue e outras Arboviroses - SE 1 a 10.pdf,15,localidade_uf,Piauí,tabela, 2 56 4 Tocantins 2 0 25 2 Nordeste 91 13 1.501 187 Maranhão 6 1 71 7 Piauí 5 4 102 24 Ceará 1 0 34 6 Rio Grande do Norte 2 0 35 9 Paraíba 4 0 49,,1.0,,
Informe Semanal nº 05 - COE Dengue e outras Arboviroses - SE 1 a 11.pdf,15,localidade_uf,Sergipe,tabela,Norte 5 0 35 10 Paraíba 4 0 49 5 Pernambuco 3 1 22 6 Alagoas 3 2 37 8 Sergipe 3 1 18 7 Bahia 86 7 1133 137 Sudeste 1.536 420 14.177 5.547 Minas Ger,,1.0,,
Informe Semanal nº 06 - COE Dengue e outras Arboviroses - SE 1 a 12.pdf,3,vigilancia,incidencia,narrativa,Diagrama de controle Coeficiente de Incidência e óbitos Fonte: Sinan On-line (banco de dados atualizado em 24/03/202,,,,
Informe Semanal nº 07 - COE Dengue e outras Arboviroses - SE 1 a 13.pdf,16,localidade_regiao,Centro-Oeste,tabela,"6 Santa Catarina 137 2 4,9 0,0 0 4 Rio Grande do Sul 98 1 9,0 0,9 1 3 Centro-Oeste 585 34 4,5 2,4 8 61 Mato Grosso do Sul 13 6 6,1 0,0 6 6 Mato Grosso 1",,1.0,,
Informe Semanal nº 08 - COE Dengue e outras Arboviroses - SE 1 a 13.pdf,2,vigilancia,confirmados,narrativa," Centro-Oeste e Sul. Os óbitos concentram-se na região Sudeste. Foram confirmados 536 óbitos no período, e 727 estão em investigação. Foi identificada ",,,,
Informe Semanal nº 08 - COE Dengue e outras Arboviroses - SE 1 a 13.pdf,16,localidade_regiao,Sul,tabela,"0 11 Rio de Janeiro 158 7 4,7 3,0 0 4 São Paulo 880 385 9,2 4,4 6 473 Sul 699 40 6,2 2,7 1 56 Paraná 411 34 6,1 2,6 0 45 Santa Catarina 160 3 5",,1.0,,
Informe Semanal nº 09 - COE Dengue e outras Arboviroses - SE 1 a 15.pdf,15,localidade_regiao,Centro-Oeste,tabela,1.532 Santa Catarina 187 7 3.403 86 Rio Grande do Sul 224 8 1.387 150 Centro-Oeste 851 103 13.743 1.655 Mato Grosso do Sul 21 13 261 153 Mato Grosso 43 ,,1.0,,
Informe Semanal nº 10 - COE Dengue e outras Arboviroses - SE 1 a 16.pdf,14,localidade_uf,Rio de Janeiro,tabela,922 Minas Gerais 1.327 115 12.330 1.191 Espírito Santo 77 6 1.747 299 Rio de Janeiro 173 17 3.552 252 São Paulo 1.216 760 11.410 10.180 Sul 841 105 13.635,,2.0,,
Informe Semanal nº 10 - COE Dengue e outras Arboviroses - SE 1 a 16.pdf,15,localidade_uf,Mato Grosso,tabela,"Centro-Oeste 710 46 4,6 2,5 11 62 Mato Grosso do Sul 20 8 6,5 0,0 7 8 Mato Grosso 13 11 2,4 4,8 1 9 Goiás 283 27 6,1 1,9 2 42 Distrito Federal 394 0 4,",,2.0,,
Informe Semanal nº 11 - COE Dengue e outras Arboviroses - SE 1 a 17 - 13 de maio.pdf,14,localidade_uf,Piauí,tabela,",0 Nordeste 236.959 41.814 433,6 76,5 Maranhão 8.935 3.488 131,9 51,5 Piauí 8.970 3.418 274,4 104,6 Ceará 6.468 3.003 73,6 34,2 Rio Grande do Nor",,1.0,,
Informe Semanal nº 11 - COE Dengue e outras Arboviroses - SE 1 a 17 - 13 de maio.pdf,15,localidade_uf,Mato Grosso do Sul,tabela, Rio Grande do Sul 294 12 1.861 275 Centro-Oeste 980 114 15.089 1.853 Mato Grosso do Sul 27 14 317 168 Mato Grosso 49 29 520 211 Goiás 457 71 4686 1461 Distri,,1.0,,
Informe Semanal nº 12 - COE Dengue e outras Arboviroses - SE 1 a 18 - 15 de maio.pdf,2,localidade_regiao,Centro-Oeste,narrativa,"ores números de casos graves concentram-se nas regiões Sudeste, Sul e Centro-Oeste. A maior parte dos óbitos está na região Sudeste. Foram confirmados 8",,1.0,,
Informe Semanal nº 12 - COE Dengue e outras Arboviroses - SE 1 a 18 - 15 de maio.pdf,13,localidade_uf,São Paulo,tabela,".296 24.978 2.981,5 651,6 Rio de Janeiro 261.028 22.577 1.625,9 140,6 São Paulo 1.429.529 680.318 3.218,2 1.531,5 Sul 927.112 166.634 3.097,3 556,7 P",,2.0,,
Informe Semanal nº 12 - COE Dengue e outras Arboviroses - SE 1 a 18 - 15 de maio.pdf,14,localidade_uf,Mato Grosso do Sul,tabela,io Grande do Sul 321 16 2.011 311 Centro-Oeste 1.021 117 15.812 1.965 Mato Grosso do Sul 28 14 339 175 Mato Grosso 51 30 558 214 Goiás 491 73 5161 1558 Distri,,1.0,,
Informe Semanal nº 14.pdf,7,gravidade,alarme,narrativa," investigação no mesmo Casos graves e com 23.042 período de sinais de alarme 4,0% Letalidade1 2024",,,,
Informe Semanal nº 14.pdf,14,localidade_regiao,Sudeste,tabela, 4 118 43 Alagoas 15 3 201 21 Sergipe 3 1 37 18 Bahia 493 21 4824 363 Sudeste 3.946 1.145 38.638 15.478 Minas Gerais 1.619 146 13.776 1.598 Espírit,,1.0,,
Informe Semanal nº 15.pdf,13,localidade_uf,Amapá,tabela," 158,4 103,7 Roraima 254 282 39,9 44,3 Pará 15.604 12.928 192,3 159,3 Amapá 6.794 1.471 926,2 200,5 Tocantins 3.667 3.105 242,6 205,4 Nordeste 28",,2.0,,
Informe Semanal nº 16.pdf,2,localidade_regiao,Sul,narrativa,"tam os maiores coeficientes de incidência são Sudeste, Centro-Oeste e Sul. Entre as Unidades Federativas (UF), destacam-se São Paulo, Goiás, Ac",,1.0,,
Informe Semanal nº 16.pdf,14,localidade_uf,Amazonas,tabela,4 2025 2024 2025 Norte 68 38 619 412 Rondônia 5 1 25 10 Acre 2 1 8 47 Amazonas 11 3 65 9 Roraima 0 2 1 3 Pará 31 24 275 303 Amapá 11 6 185 27 Tocant,,1.0,,
Informe Semanal nº 17 (1).pdf,2,localidade_regiao,Sudeste,narrativa," Grosso. Os maiores números de casos graves concentram-se nas regiões Sudeste, Sul e Centro-Oeste. A maior parte dos óbitos está na região Sudeste.",,1.0,,
Informe Semanal nº 17 (1).pdf,15,localidade_regiao,Sul,tabela,"Rio de Janeiro 221 10 4,8 2,8 0 13 São Paulo 1.992 809 8,2 5,1 19 414 Sul 1.314 140 6,0 3,5 2 70 Paraná 709 94 5,5 2,9 1 58 Santa Catarina 330 ",,1.0,,
Informe Semanal nº 17 (1).pdf,15,localidade_uf,Maranhão,tabela,"3 4,9 0,0 0 0 Tocantins 5 1 7,2 0,0 0 0 Nordeste 235 27 3,2 3,2 41 51 Maranhão 6 2 3,2 0,0 4 4 Piauí 23 7 4,3 0,0 2 2 Ceará 5 0 4,0 0,0 0 2 Rio Gran",,1.0,,
Informe semanal nº 13.pdf,2,vigilancia,notificados,narrativa,"Dengue Nas SE 01 a 19 de 2025, foram notificados 1.277.148 casos prováveis de dengue, correspondendo a um coeficiente ",,,,
Informe semanal nº 13.pdf,2,vigilancia,incidencia,narrativa,"eis. As Regiões Geográficas que apresentam os maiores coeficientes de incidência são Sudeste, Centro-Oeste e Sul. Entre as Unidades Federativas (UF), ",,,,
Informe semanal nº 13.pdf,14,localidade_uf,Goiás,tabela,.463 2.198 Mato Grosso do Sul 29 15 358 184 Mato Grosso 55 32 605 239 Goiás 537 78 5609 1754 Distrito Federal 460 0 9891 21 Brasil 6.745 1.438 76,,2.0,,
