informe,termo,frequencia
Informe Semanal nº 01 - COE Dengue e outras Arboviroses - SE 1 a 4  - 27 de janeiro.pdf,casos,10
Informe Semanal nº 01 - COE Dengue e outras Arboviroses - SE 1 a 4  - 27 de janeiro.pdf,dengue,8
Informe Semanal nº 01 - COE Dengue e outras Arboviroses - SE 1 a 4  - 27 de janeiro.pdf,obitos,5
Informe Semanal nº 01 - COE Dengue e outras Arboviroses - SE 1 a 4  - 27 de janeiro.pdf,provaveis,4
Informe Semanal nº 01 - COE Dengue e outras Arboviroses - SE 1 a 4  - 27 de janeiro.pdf,incidencia,4
Informe Semanal nº 01 - COE Dengue e outras Arboviroses - SE 1 a 4  - 27 de janeiro.pdf,numero,4
Informe Semanal nº 01 - COE Dengue e outras Arboviroses - SE 1 a 4  - 27 de janeiro.pdf,denv,4
Informe Semanal nº 01 - COE Dengue e outras Arboviroses - SE 1 a 4  - 27 de janeiro.pdf,periodo,3
Informe Semanal nº 01 - COE Dengue e outras Arboviroses - SE 1 a 4  - 27 de janeiro.pdf,regioes,3
Informe Semanal nº 01 - COE Dengue e outras Arboviroses - SE 1 a 4  - 27 de janeiro.pdf,maiores,3
Informe Semanal nº 01 - COE Dengue e outras Arboviroses - SE 1 a 4  - 27 de janeiro.pdf,sudeste,3
Informe Semanal nº 01 - COE Dengue e outras Arboviroses - SE 1 a 4  - 27 de janeiro.pdf,coeficiente,2
Informe Semanal nº 01 - COE Dengue e outras Arboviroses - SE 1 a 4  - 27 de janeiro.pdf,mil,2
Informe Semanal nº 01 - COE Dengue e outras Arboviroses - SE 1 a 4  - 27 de janeiro.pdf,apresentam,2
Informe Semanal nº 01 - COE Dengue e outras Arboviroses - SE 1 a 4  - 27 de janeiro.pdf,centro,2
Informe Semanal nº 01 - COE Dengue e outras Arboviroses - SE 1 a 4  - 27 de janeiro.pdf,oeste,2
Informe Semanal nº 01 - COE Dengue e outras Arboviroses - SE 1 a 4  - 27 de janeiro.pdf,sul,2
Informe Semanal nº 01 - COE Dengue e outras Arboviroses - SE 1 a 4  - 27 de janeiro.pdf,paulo,2
Informe Semanal nº 01 - COE Dengue e outras Arboviroses - SE 1 a 4  - 27 de janeiro.pdf,graves,2
Informe Semanal nº 01 - COE Dengue e outras Arboviroses - SE 1 a 4  - 27 de janeiro.pdf,concentram,2
Informe Semanal nº 01 - COE Dengue e outras Arboviroses - SE 1 a 4  - 27 de janeiro.pdf,investigacao,2
Informe Semanal nº 01 - COE Dengue e outras Arboviroses - SE 1 a 4  - 27 de janeiro.pdf,sorotipos,2
Informe Semanal nº 01 - COE Dengue e outras Arboviroses - SE 1 a 4  - 27 de janeiro.pdf,diagrama,2
Informe Semanal nº 01 - COE Dengue e outras Arboviroses - SE 1 a 4  - 27 de janeiro.pdf,controle,2
Informe Semanal nº 01 - COE Dengue e outras Arboviroses - SE 1 a 4  - 27 de janeiro.pdf,notificados,1
Informe Semanal nº 01 - COE Dengue e outras Arboviroses - SE 1 a 4  - 27 de janeiro.pdf,correspondendo,1
Informe Semanal nº 01 - COE Dengue e outras Arboviroses - SE 1 a 4  - 27 de janeiro.pdf,habitantes,1
Informe Semanal nº 01 - COE Dengue e outras Arboviroses - SE 1 a 4  - 27 de janeiro.pdf,comparado,1
Informe Semanal nº 01 - COE Dengue e outras Arboviroses - SE 1 a 4  - 27 de janeiro.pdf,observa,1
Informe Semanal nº 01 - COE Dengue e outras Arboviroses - SE 1 a 4  - 27 de janeiro.pdf,reducao,1
Informe Semanal nº 01 - COE Dengue e outras Arboviroses - SE 1 a 4  - 27 de janeiro.pdf,geograficas,1
Informe Semanal nº 01 - COE Dengue e outras Arboviroses - SE 1 a 4  - 27 de janeiro.pdf,coeficientes,1
Informe Semanal nº 01 - COE Dengue e outras Arboviroses - SE 1 a 4  - 27 de janeiro.pdf,unidades,1
Informe Semanal nº 01 - COE Dengue e outras Arboviroses - SE 1 a 4  - 27 de janeiro.pdf,federativas,1
Informe Semanal nº 01 - COE Dengue e outras Arboviroses - SE 1 a 4  - 27 de janeiro.pdf,acre,1
Informe Semanal nº 01 - COE Dengue e outras Arboviroses - SE 1 a 4  - 27 de janeiro.pdf,mato,1
Informe Semanal nº 01 - COE Dengue e outras Arboviroses - SE 1 a 4  - 27 de janeiro.pdf,grosso,1
Informe Semanal nº 01 - COE Dengue e outras Arboviroses - SE 1 a 4  - 27 de janeiro.pdf,incidencias,1
Informe Semanal nº 01 - COE Dengue e outras Arboviroses - SE 1 a 4  - 27 de janeiro.pdf,numeros,1
Informe Semanal nº 01 - COE Dengue e outras Arboviroses - SE 1 a 4  - 27 de janeiro.pdf,confirmados,1
Informe Semanal nº 01 - COE Dengue e outras Arboviroses - SE 1 a 4  - 27 de janeiro.pdf,identificada,1
Informe Semanal nº 01 - COE Dengue e outras Arboviroses - SE 1 a 4  - 27 de janeiro.pdf,circulacao,1
Informe Semanal nº 01 - COE Dengue e outras Arboviroses - SE 1 a 4  - 27 de janeiro.pdf,tres,1
Informe Semanal nº 01 - COE Dengue e outras Arboviroses - SE 1 a 4  - 27 de janeiro.pdf,virus,1
Informe Semanal nº 01 - COE Dengue e outras Arboviroses - SE 1 a 4  - 27 de janeiro.pdf,aumento,1
Informe Semanal nº 01 - COE Dengue e outras Arboviroses - SE 1 a 4  - 27 de janeiro.pdf,proporcao,1
Informe Semanal nº 01 - COE Dengue e outras Arboviroses - SE 1 a 4  - 27 de janeiro.pdf,ultimo,1
Informe Semanal nº 01 - COE Dengue e outras Arboviroses - SE 1 a 4  - 27 de janeiro.pdf,trimestre,1
Informe Semanal nº 01 - COE Dengue e outras Arboviroses - SE 1 a 4  - 27 de janeiro.pdf,brasil,1
Informe Semanal nº 01 - COE Dengue e outras Arboviroses - SE 1 a 4  - 27 de janeiro.pdf,encontra,1
Informe Semanal nº 02 - COE Dengue e outras Arboviroses - SE 1 a 8 - 24 de fevereiro.pdf,casos,10
Informe Semanal nº 02 - COE Dengue e outras Arboviroses - SE 1 a 8 - 24 de fevereiro.pdf,dengue,6
Informe Semanal nº 02 - COE Dengue e outras Arboviroses - SE 1 a 8 - 24 de fevereiro.pdf,obitos,5
Informe Semanal nº 02 - COE Dengue e outras Arboviroses - SE 1 a 8 - 24 de fevereiro.pdf,provaveis,4
Informe Semanal nº 02 - COE Dengue e outras Arboviroses - SE 1 a 8 - 24 de fevereiro.pdf,incidencia,4
Informe Semanal nº 02 - COE Dengue e outras Arboviroses - SE 1 a 8 - 24 de fevereiro.pdf,numero,4
Informe Semanal nº 02 - COE Dengue e outras Arboviroses - SE 1 a 8 - 24 de fevereiro.pdf,denv,4
Informe Semanal nº 02 - COE Dengue e outras Arboviroses - SE 1 a 8 - 24 de fevereiro.pdf,periodo,3
Informe Semanal nº 02 - COE Dengue e outras Arboviroses - SE 1 a 8 - 24 de fevereiro.pdf,maiores,3
Informe Semanal nº 02 - COE Dengue e outras Arboviroses - SE 1 a 8 - 24 de fevereiro.pdf,sudeste,3
Informe Semanal nº 02 - COE Dengue e outras Arboviroses - SE 1 a 8 - 24 de fevereiro.pdf,coeficiente,2
Informe Semanal nº 02 - COE Dengue e outras Arboviroses - SE 1 a 8 - 24 de fevereiro.pdf,mil,2
Informe Semanal nº 02 - COE Dengue e outras Arboviroses - SE 1 a 8 - 24 de fevereiro.pdf,regioes,2
Informe Semanal nº 02 - COE Dengue e outras Arboviroses - SE 1 a 8 - 24 de fevereiro.pdf,apresentam,2
Informe Semanal nº 02 - COE Dengue e outras Arboviroses - SE 1 a 8 - 24 de fevereiro.pdf,centro,2
Informe Semanal nº 02 - COE Dengue e outras Arboviroses - SE 1 a 8 - 24 de fevereiro.pdf,oeste,2
Informe Semanal nº 02 - COE Dengue e outras Arboviroses - SE 1 a 8 - 24 de fevereiro.pdf,sul,2
Informe Semanal nº 02 - COE Dengue e outras Arboviroses - SE 1 a 8 - 24 de fevereiro.pdf,graves,2
Informe Semanal nº 02 - COE Dengue e outras Arboviroses - SE 1 a 8 - 24 de fevereiro.pdf,concentram,2
Informe Semanal nº 02 - COE Dengue e outras Arboviroses - SE 1 a 8 - 24 de fevereiro.pdf,investigacao,2
Informe Semanal nº 02 - COE Dengue e outras Arboviroses - SE 1 a 8 - 24 de fevereiro.pdf,sorotipos,2
Informe Semanal nº 02 - COE Dengue e outras Arboviroses - SE 1 a 8 - 24 de fevereiro.pdf,diagrama,2
Informe Semanal nº 02 - COE Dengue e outras Arboviroses - SE 1 a 8 - 24 de fevereiro.pdf,controle,2
Informe Semanal nº 02 - COE Dengue e outras Arboviroses - SE 1 a 8 - 24 de fevereiro.pdf,notificados,1
Informe Semanal nº 02 - COE Dengue e outras Arboviroses - SE 1 a 8 - 24 de fevereiro.pdf,correspondendo,1
Informe Semanal nº 02 - COE Dengue e outras Arboviroses - SE 1 a 8 - 24 de fevereiro.pdf,habitantes,1
Informe Semanal nº 02 - COE Dengue e outras Arboviroses - SE 1 a 8 - 24 de fevereiro.pdf,comparado,1
Informe Semanal nº 02 - COE Dengue e outras Arboviroses - SE 1 a 8 - 24 de fevereiro.pdf,observa,1
Informe Semanal nº 02 - COE Dengue e outras Arboviroses - SE 1 a 8 - 24 de fevereiro.pdf,reducao,1
Informe Semanal nº 02 - COE Dengue e outras Arboviroses - SE 1 a 8 - 24 de fevereiro.pdf,geograficas,1
Informe Semanal nº 02 - COE Dengue e outras Arboviroses - SE 1 a 8 - 24 de fevereiro.pdf,coeficientes,1
Informe Semanal nº 02 - COE Dengue e outras Arboviroses - SE 1 a 8 - 24 de fevereiro.pdf,unidades,1
Informe Semanal nº 02 - COE Dengue e outras Arboviroses - SE 1 a 8 - 24 de fevereiro.pdf,federativas,1
Informe Semanal nº 02 - COE Dengue e outras Arboviroses - SE 1 a 8 - 24 de fevereiro.pdf,acre,1
Informe Semanal nº 02 - COE Dengue e outras Arboviroses - SE 1 a 8 - 24 de fevereiro.pdf,paulo,1
Informe Semanal nº 02 - COE Dengue e outras Arboviroses - SE 1 a 8 - 24 de fevereiro.pdf,mato,1
Informe Semanal nº 02 - COE Dengue e outras Arboviroses - SE 1 a 8 - 24 de fevereiro.pdf,grosso,1
Informe Semanal nº 02 - COE Dengue e outras Arboviroses - SE 1 a 8 - 24 de fevereiro.pdf,incidencias,1
Informe Semanal nº 02 - COE Dengue e outras Arboviroses - SE 1 a 8 - 24 de fevereiro.pdf,numeros,1
Informe Semanal nº 02 - COE Dengue e outras Arboviroses - SE 1 a 8 - 24 de fevereiro.pdf,regiao,1
Informe Semanal nº 02 - COE Dengue e outras Arboviroses - SE 1 a 8 - 24 de fevereiro.pdf,confirmados,1
Informe Semanal nº 02 - COE Dengue e outras Arboviroses - SE 1 a 8 - 24 de fevereiro.pdf,identificada,1
Informe Semanal nº 02 - COE Dengue e outras Arboviroses - SE 1 a 8 - 24 de fevereiro.pdf,circulacao,1
Informe Semanal nº 02 - COE Dengue e outras Arboviroses - SE 1 a 8 - 24 de fevereiro.pdf,tres,1
Informe Semanal nº 02 - COE Dengue e outras Arboviroses - SE 1 a 8 - 24 de fevereiro.pdf,virus,1
Informe Semanal nº 02 - COE Dengue e outras Arboviroses - SE 1 a 8 - 24 de fevereiro.pdf,aumento,1
Informe Semanal nº 02 - COE Dengue e outras Arboviroses - SE 1 a 8 - 24 de fevereiro.pdf,proporcao,1
Informe Semanal nº 02 - COE Dengue e outras Arboviroses - SE 1 a 8 - 24 de fevereiro.pdf,ultimo,1
Informe Semanal nº 02 - COE Dengue e outras Arboviroses - SE 1 a 8 - 24 de fevereiro.pdf,trimestre,1
Informe Semanal nº 02 - COE Dengue e outras Arboviroses - SE 1 a 8 - 24 de fevereiro.pdf,brasil,1
Informe Semanal nº 03 - COE Dengue e outras Arboviroses - SE 1 a 9 - 08 de março.pdf,casos,10
Informe Semanal nº 03 - COE Dengue e outras Arboviroses - SE 1 a 9 - 08 de março.pdf,dengue,6
Informe Semanal nº 03 - COE Dengue e outras Arboviroses - SE 1 a 9 - 08 de março.pdf,denv,6
Informe Semanal nº 03 - COE Dengue e outras Arboviroses - SE 1 a 9 - 08 de março.pdf,obitos,5
Informe Semanal nº 03 - COE Dengue e outras Arboviroses - SE 1 a 9 - 08 de março.pdf,provaveis,4
Informe Semanal nº 03 - COE Dengue e outras Arboviroses - SE 1 a 9 - 08 de março.pdf,incidencia,4
Informe Semanal nº 03 - COE Dengue e outras Arboviroses - SE 1 a 9 - 08 de março.pdf,numero,4
Informe Semanal nº 03 - COE Dengue e outras Arboviroses - SE 1 a 9 - 08 de março.pdf,periodo,3
Informe Semanal nº 03 - COE Dengue e outras Arboviroses - SE 1 a 9 - 08 de março.pdf,maiores,3
Informe Semanal nº 03 - COE Dengue e outras Arboviroses - SE 1 a 9 - 08 de março.pdf,sudeste,3
Informe Semanal nº 03 - COE Dengue e outras Arboviroses - SE 1 a 9 - 08 de março.pdf,virus,3
Informe Semanal nº 03 - COE Dengue e outras Arboviroses - SE 1 a 9 - 08 de março.pdf,coeficiente,2
Informe Semanal nº 03 - COE Dengue e outras Arboviroses - SE 1 a 9 - 08 de março.pdf,mil,2
Informe Semanal nº 03 - COE Dengue e outras Arboviroses - SE 1 a 9 - 08 de março.pdf,regioes,2
Informe Semanal nº 03 - COE Dengue e outras Arboviroses - SE 1 a 9 - 08 de março.pdf,apresentam,2
Informe Semanal nº 03 - COE Dengue e outras Arboviroses - SE 1 a 9 - 08 de março.pdf,centro,2
Informe Semanal nº 03 - COE Dengue e outras Arboviroses - SE 1 a 9 - 08 de março.pdf,oeste,2
Informe Semanal nº 03 - COE Dengue e outras Arboviroses - SE 1 a 9 - 08 de março.pdf,sul,2
Informe Semanal nº 03 - COE Dengue e outras Arboviroses - SE 1 a 9 - 08 de março.pdf,graves,2
Informe Semanal nº 03 - COE Dengue e outras Arboviroses - SE 1 a 9 - 08 de março.pdf,concentram,2
Informe Semanal nº 03 - COE Dengue e outras Arboviroses - SE 1 a 9 - 08 de março.pdf,investigacao,2
Informe Semanal nº 03 - COE Dengue e outras Arboviroses - SE 1 a 9 - 08 de março.pdf,sorotipos,2
Informe Semanal nº 03 - COE Dengue e outras Arboviroses - SE 1 a 9 - 08 de março.pdf,amostras,2
Informe Semanal nº 03 - COE Dengue e outras Arboviroses - SE 1 a 9 - 08 de março.pdf,diagrama,2
Informe Semanal nº 03 - COE Dengue e outras Arboviroses - SE 1 a 9 - 08 de março.pdf,controle,2
Informe Semanal nº 03 - COE Dengue e outras Arboviroses - SE 1 a 9 - 08 de março.pdf,notificados,1
Informe Semanal nº 03 - COE Dengue e outras Arboviroses - SE 1 a 9 - 08 de março.pdf,correspondendo,1
Informe Semanal nº 03 - COE Dengue e outras Arboviroses - SE 1 a 9 - 08 de março.pdf,habitantes,1
Informe Semanal nº 03 - COE Dengue e outras Arboviroses - SE 1 a 9 - 08 de março.pdf,comparado,1
Informe Semanal nº 03 - COE Dengue e outras Arboviroses - SE 1 a 9 - 08 de março.pdf,observa,1
Informe Semanal nº 03 - COE Dengue e outras Arboviroses - SE 1 a 9 - 08 de março.pdf,reducao,1
Informe Semanal nº 03 - COE Dengue e outras Arboviroses - SE 1 a 9 - 08 de março.pdf,geograficas,1
Informe Semanal nº 03 - COE Dengue e outras Arboviroses - SE 1 a 9 - 08 de março.pdf,coeficientes,1
Informe Semanal nº 03 - COE Dengue e outras Arboviroses - SE 1 a 9 - 08 de março.pdf,unidades,1
Informe Semanal nº 03 - COE Dengue e outras Arboviroses - SE 1 a 9 - 08 de março.pdf,federativas,1
Informe Semanal nº 03 - COE Dengue e outras Arboviroses - SE 1 a 9 - 08 de março.pdf,acre,1
Informe Semanal nº 03 - COE Dengue e outras Arboviroses - SE 1 a 9 - 08 de março.pdf,paulo,1
Informe Semanal nº 03 - COE Dengue e outras Arboviroses - SE 1 a 9 - 08 de março.pdf,mato,1
Informe Semanal nº 03 - COE Dengue e outras Arboviroses - SE 1 a 9 - 08 de março.pdf,grosso,1
Informe Semanal nº 03 - COE Dengue e outras Arboviroses - SE 1 a 9 - 08 de março.pdf,incidencias,1
Informe Semanal nº 03 - COE Dengue e outras Arboviroses - SE 1 a 9 - 08 de março.pdf,numeros,1
Informe Semanal nº 03 - COE Dengue e outras Arboviroses - SE 1 a 9 - 08 de março.pdf,regiao,1
Informe Semanal nº 03 - COE Dengue e outras Arboviroses - SE 1 a 9 - 08 de março.pdf,confirmados,1
Informe Semanal nº 03 - COE Dengue e outras Arboviroses - SE 1 a 9 - 08 de março.pdf,identificada,1
Informe Semanal nº 03 - COE Dengue e outras Arboviroses - SE 1 a 9 - 08 de março.pdf,circulacao,1
Informe Semanal nº 03 - COE Dengue e outras Arboviroses - SE 1 a 9 - 08 de março.pdf,quatro,1
Informe Semanal nº 03 - COE Dengue e outras Arboviroses - SE 1 a 9 - 08 de março.pdf,aumento,1
Informe Semanal nº 03 - COE Dengue e outras Arboviroses - SE 1 a 9 - 08 de março.pdf,proporcao,1
Informe Semanal nº 03 - COE Dengue e outras Arboviroses - SE 1 a 9 - 08 de março.pdf,ultimo,1
Informe Semanal nº 03 - COE Dengue e outras Arboviroses - SE 1 a 9 - 08 de março.pdf,trimestre,1
Informe Semanal nº 04 - COE Dengue e outras Arboviroses - SE 1 a 10.pdf,casos,10
Informe Semanal nº 04 - COE Dengue e outras Arboviroses - SE 1 a 10.pdf,dengue,6
Informe Semanal nº 04 - COE Dengue e outras Arboviroses - SE 1 a 10.pdf,denv,6
Informe Semanal nº 04 - COE Dengue e outras Arboviroses - SE 1 a 10.pdf,obitos,5
Informe Semanal nº 04 - COE Dengue e outras Arboviroses - SE 1 a 10.pdf,provaveis,4
Informe Semanal nº 04 - COE Dengue e outras Arboviroses - SE 1 a 10.pdf,incidencia,4
Informe Semanal nº 04 - COE Dengue e outras Arboviroses - SE 1 a 10.pdf,numero,4
Informe Semanal nº 04 - COE Dengue e outras Arboviroses - SE 1 a 10.pdf,periodo,3
Informe Semanal nº 04 - COE Dengue e outras Arboviroses - SE 1 a 10.pdf,maiores,3
Informe Semanal nº 04 - COE Dengue e outras Arboviroses - SE 1 a 10.pdf,sudeste,3
Informe Semanal nº 04 - COE Dengue e outras Arboviroses - SE 1 a 10.pdf,virus,3
Informe Semanal nº 04 - COE Dengue e outras Arboviroses - SE 1 a 10.pdf,coeficiente,2
Informe Semanal nº 04 - COE Dengue e outras Arboviroses - SE 1 a 10.pdf,mil,2
Informe Semanal nº 04 - COE Dengue e outras Arboviroses - SE 1 a 10.pdf,regioes,2
Informe Semanal nº 04 - COE Dengue e outras Arboviroses - SE 1 a 10.pdf,apresentam,2
Informe Semanal nº 04 - COE Dengue e outras Arboviroses - SE 1 a 10.pdf,centro,2
Informe Semanal nº 04 - COE Dengue e outras Arboviroses - SE 1 a 10.pdf,oeste,2
Informe Semanal nº 04 - COE Dengue e outras Arboviroses - SE 1 a 10.pdf,sul,2
Informe Semanal nº 04 - COE Dengue e outras Arboviroses - SE 1 a 10.pdf,graves,2
Informe Semanal nº 04 - COE Dengue e outras Arboviroses - SE 1 a 10.pdf,concentram,2
Informe Semanal nº 04 - COE Dengue e outras Arboviroses - SE 1 a 10.pdf,investigacao,2
Informe Semanal nº 04 - COE Dengue e outras Arboviroses - SE 1 a 10.pdf,sorotipos,2
Informe Semanal nº 04 - COE Dengue e outras Arboviroses - SE 1 a 10.pdf,amostras,2
Informe Semanal nº 04 - COE Dengue e outras Arboviroses - SE 1 a 10.pdf,diagrama,2
Informe Semanal nº 04 - COE Dengue e outras Arboviroses - SE 1 a 10.pdf,controle,2
Informe Semanal nº 04 - COE Dengue e outras Arboviroses - SE 1 a 10.pdf,notificados,1
Informe Semanal nº 04 - COE Dengue e outras Arboviroses - SE 1 a 10.pdf,correspondendo,1
Informe Semanal nº 04 - COE Dengue e outras Arboviroses - SE 1 a 10.pdf,habitantes,1
Informe Semanal nº 04 - COE Dengue e outras Arboviroses - SE 1 a 10.pdf,comparado,1
Informe Semanal nº 04 - COE Dengue e outras Arboviroses - SE 1 a 10.pdf,observa,1
Informe Semanal nº 04 - COE Dengue e outras Arboviroses - SE 1 a 10.pdf,reducao,1
Informe Semanal nº 04 - COE Dengue e outras Arboviroses - SE 1 a 10.pdf,geograficas,1
Informe Semanal nº 04 - COE Dengue e outras Arboviroses - SE 1 a 10.pdf,coeficientes,1
Informe Semanal nº 04 - COE Dengue e outras Arboviroses - SE 1 a 10.pdf,unidades,1
Informe Semanal nº 04 - COE Dengue e outras Arboviroses - SE 1 a 10.pdf,federativas,1
Informe Semanal nº 04 - COE Dengue e outras Arboviroses - SE 1 a 10.pdf,acre,1
Informe Semanal nº 04 - COE Dengue e outras Arboviroses - SE 1 a 10.pdf,paulo,1
Informe Semanal nº 04 - COE Dengue e outras Arboviroses - SE 1 a 10.pdf,mato,1
Informe Semanal nº 04 - COE Dengue e outras Arboviroses - SE 1 a 10.pdf,grosso,1
Informe Semanal nº 04 - COE Dengue e outras Arboviroses - SE 1 a 10.pdf,incidencias,1
Informe Semanal nº 04 - COE Dengue e outras Arboviroses - SE 1 a 10.pdf,numeros,1
Informe Semanal nº 04 - COE Dengue e outras Arboviroses - SE 1 a 10.pdf,regiao,1
Informe Semanal nº 04 - COE Dengue e outras Arboviroses - SE 1 a 10.pdf,confirmados,1
Informe Semanal nº 04 - COE Dengue e outras Arboviroses - SE 1 a 10.pdf,identificada,1
Informe Semanal nº 04 - COE Dengue e outras Arboviroses - SE 1 a 10.pdf,circulacao,1
Informe Semanal nº 04 - COE Dengue e outras Arboviroses - SE 1 a 10.pdf,quatro,1
Informe Semanal nº 04 - COE Dengue e outras Arboviroses - SE 1 a 10.pdf,aumento,1
Informe Semanal nº 04 - COE Dengue e outras Arboviroses - SE 1 a 10.pdf,proporcao,1
Informe Semanal nº 04 - COE Dengue e outras Arboviroses - SE 1 a 10.pdf,ultimo,1
Informe Semanal nº 04 - COE Dengue e outras Arboviroses - SE 1 a 10.pdf,trimestre,1
Informe Semanal nº 05 - COE Dengue e outras Arboviroses - SE 1 a 11.pdf,casos,9
Informe Semanal nº 05 - COE Dengue e outras Arboviroses - SE 1 a 11.pdf,dengue,6
Informe Semanal nº 05 - COE Dengue e outras Arboviroses - SE 1 a 11.pdf,denv,6
Informe Semanal nº 05 - COE Dengue e outras Arboviroses - SE 1 a 11.pdf,incidencia,5
Informe Semanal nº 05 - COE Dengue e outras Arboviroses - SE 1 a 11.pdf,obitos,5
Informe Semanal nº 05 - COE Dengue e outras Arboviroses - SE 1 a 11.pdf,provaveis,3
Informe Semanal nº 05 - COE Dengue e outras Arboviroses - SE 1 a 11.pdf,coeficiente,3
Informe Semanal nº 05 - COE Dengue e outras Arboviroses - SE 1 a 11.pdf,periodo,3
Informe Semanal nº 05 - COE Dengue e outras Arboviroses - SE 1 a 11.pdf,numero,3
Informe Semanal nº 05 - COE Dengue e outras Arboviroses - SE 1 a 11.pdf,maiores,3
Informe Semanal nº 05 - COE Dengue e outras Arboviroses - SE 1 a 11.pdf,sudeste,3
Informe Semanal nº 05 - COE Dengue e outras Arboviroses - SE 1 a 11.pdf,virus,3
Informe Semanal nº 05 - COE Dengue e outras Arboviroses - SE 1 a 11.pdf,mil,2
Informe Semanal nº 05 - COE Dengue e outras Arboviroses - SE 1 a 11.pdf,regioes,2
Informe Semanal nº 05 - COE Dengue e outras Arboviroses - SE 1 a 11.pdf,apresentam,2
Informe Semanal nº 05 - COE Dengue e outras Arboviroses - SE 1 a 11.pdf,centro,2
Informe Semanal nº 05 - COE Dengue e outras Arboviroses - SE 1 a 11.pdf,oeste,2
Informe Semanal nº 05 - COE Dengue e outras Arboviroses - SE 1 a 11.pdf,sul,2
Informe Semanal nº 05 - COE Dengue e outras Arboviroses - SE 1 a 11.pdf,graves,2
Informe Semanal nº 05 - COE Dengue e outras Arboviroses - SE 1 a 11.pdf,concentram,2
Informe Semanal nº 05 - COE Dengue e outras Arboviroses - SE 1 a 11.pdf,investigacao,2
Informe Semanal nº 05 - COE Dengue e outras Arboviroses - SE 1 a 11.pdf,sorotipos,2
Informe Semanal nº 05 - COE Dengue e outras Arboviroses - SE 1 a 11.pdf,amostras,2
Informe Semanal nº 05 - COE Dengue e outras Arboviroses - SE 1 a 11.pdf,diagrama,2
Informe Semanal nº 05 - COE Dengue e outras Arboviroses - SE 1 a 11.pdf,controle,2
Informe Semanal nº 05 - COE Dengue e outras Arboviroses - SE 1 a 11.pdf,notificados,1
Informe Semanal nº 05 - COE Dengue e outras Arboviroses - SE 1 a 11.pdf,correspondendo,1
Informe Semanal nº 05 - COE Dengue e outras Arboviroses - SE 1 a 11.pdf,habitantes,1
Informe Semanal nº 05 - COE Dengue e outras Arboviroses - SE 1 a 11.pdf,comparado,1
Informe Semanal nº 05 - COE Dengue e outras Arboviroses - SE 1 a 11.pdf,observa,1
Informe Semanal nº 05 - COE Dengue e outras Arboviroses - SE 1 a 11.pdf,reducao,1
Informe Semanal nº 05 - COE Dengue e outras Arboviroses - SE 1 a 11.pdf,geograficas,1
Informe Semanal nº 05 - COE Dengue e outras Arboviroses - SE 1 a 11.pdf,coeficientes,1
Informe Semanal nº 05 - COE Dengue e outras Arboviroses - SE 1 a 11.pdf,unidades,1
Informe Semanal nº 05 - COE Dengue e outras Arboviroses - SE 1 a 11.pdf,federativas,1
Informe Semanal nº 05 - COE Dengue e outras Arboviroses - SE 1 a 11.pdf,acre,1
Informe Semanal nº 05 - COE Dengue e outras Arboviroses - SE 1 a 11.pdf,paulo,1
Informe Semanal nº 05 - COE Dengue e outras Arboviroses - SE 1 a 11.pdf,mato,1
Informe Semanal nº 05 - COE Dengue e outras Arboviroses - SE 1 a 11.pdf,grosso,1
Informe Semanal nº 05 - COE Dengue e outras Arboviroses - SE 1 a 11.pdf,incidencias,1
Informe Semanal nº 05 - COE Dengue e outras Arboviroses - SE 1 a 11.pdf,numeros,1
Informe Semanal nº 05 - COE Dengue e outras Arboviroses - SE 1 a 11.pdf,regiao,1
Informe Semanal nº 05 - COE Dengue e outras Arboviroses - SE 1 a 11.pdf,confirmados,1
Informe Semanal nº 05 - COE Dengue e outras Arboviroses - SE 1 a 11.pdf,identificada,1
Informe Semanal nº 05 - COE Dengue e outras Arboviroses - SE 1 a 11.pdf,circulacao,1
Informe Semanal nº 05 - COE Dengue e outras Arboviroses - SE 1 a 11.pdf,quatro,1
Informe Semanal nº 05 - COE Dengue e outras Arboviroses - SE 1 a 11.pdf,aumento,1
Informe Semanal nº 05 - COE Dengue e outras Arboviroses - SE 1 a 11.pdf,proporcao,1
Informe Semanal nº 05 - COE Dengue e outras Arboviroses - SE 1 a 11.pdf,ultimo,1
Informe Semanal nº 05 - COE Dengue e outras Arboviroses - SE 1 a 11.pdf,trimestre,1
Informe Semanal nº 06 - COE Dengue e outras Arboviroses - SE 1 a 12.pdf,casos,9
Informe Semanal nº 06 - COE Dengue e outras Arboviroses - SE 1 a 12.pdf,dengue,6
Informe Semanal nº 06 - COE Dengue e outras Arboviroses - SE 1 a 12.pdf,denv,6
Informe Semanal nº 06 - COE Dengue e outras Arboviroses - SE 1 a 12.pdf,incidencia,5
Informe Semanal nº 06 - COE Dengue e outras Arboviroses - SE 1 a 12.pdf,obitos,5
Informe Semanal nº 06 - COE Dengue e outras Arboviroses - SE 1 a 12.pdf,provaveis,3
Informe Semanal nº 06 - COE Dengue e outras Arboviroses - SE 1 a 12.pdf,coeficiente,3
Informe Semanal nº 06 - COE Dengue e outras Arboviroses - SE 1 a 12.pdf,periodo,3
Informe Semanal nº 06 - COE Dengue e outras Arboviroses - SE 1 a 12.pdf,numero,3
Informe Semanal nº 06 - COE Dengue e outras Arboviroses - SE 1 a 12.pdf,maiores,3
Informe Semanal nº 06 - COE Dengue e outras Arboviroses - SE 1 a 12.pdf,sudeste,3
Informe Semanal nº 06 - COE Dengue e outras Arboviroses - SE 1 a 12.pdf,virus,3
Informe Semanal nº 06 - COE Dengue e outras Arboviroses - SE 1 a 12.pdf,mil,2
Informe Semanal nº 06 - COE Dengue e outras Arboviroses - SE 1 a 12.pdf,regioes,2
Informe Semanal nº 06 - COE Dengue e outras Arboviroses - SE 1 a 12.pdf,apresentam,2
Informe Semanal nº 06 - COE Dengue e outras Arboviroses - SE 1 a 12.pdf,centro,2
Informe Semanal nº 06 - COE Dengue e outras Arboviroses - SE 1 a 12.pdf,oeste,2
Informe Semanal nº 06 - COE Dengue e outras Arboviroses - SE 1 a 12.pdf,sul,2
Informe Semanal nº 06 - COE Dengue e outras Arboviroses - SE 1 a 12.pdf,graves,2
Informe Semanal nº 06 - COE Dengue e outras Arboviroses - SE 1 a 12.pdf,concentram,2
Informe Semanal nº 06 - COE Dengue e outras Arboviroses - SE 1 a 12.pdf,investigacao,2
Informe Semanal nº 06 - COE Dengue e outras Arboviroses - SE 1 a 12.pdf,sorotipos,2
Informe Semanal nº 06 - COE Dengue e outras Arboviroses - SE 1 a 12.pdf,amostras,2
Informe Semanal nº 06 - COE Dengue e outras Arboviroses - SE 1 a 12.pdf,diagrama,2
Informe Semanal nº 06 - COE Dengue e outras Arboviroses - SE 1 a 12.pdf,controle,2
Informe Semanal nº 06 - COE Dengue e outras Arboviroses - SE 1 a 12.pdf,notificados,1
Informe Semanal nº 06 - COE Dengue e outras Arboviroses - SE 1 a 12.pdf,correspondendo,1
Informe Semanal nº 06 - COE Dengue e outras Arboviroses - SE 1 a 12.pdf,habitantes,1
Informe Semanal nº 06 - COE Dengue e outras Arboviroses - SE 1 a 12.pdf,comparado,1
Informe Semanal nº 06 - COE Dengue e outras Arboviroses - SE 1 a 12.pdf,observa,1
Informe Semanal nº 06 - COE Dengue e outras Arboviroses - SE 1 a 12.pdf,reducao,1
Informe Semanal nº 06 - COE Dengue e outras Arboviroses - SE 1 a 12.pdf,geograficas,1
Informe Semanal nº 06 - COE Dengue e outras Arboviroses - SE 1 a 12.pdf,coeficientes,1
Informe Semanal nº 06 - COE Dengue e outras Arboviroses - SE 1 a 12.pdf,unidades,1
Informe Semanal nº 06 - COE Dengue e outras Arboviroses - SE 1 a 12.pdf,federativas,1
Informe Semanal nº 06 - COE Dengue e outras Arboviroses - SE 1 a 12.pdf,acre,1
Informe Semanal nº 06 - COE Dengue e outras Arboviroses - SE 1 a 12.pdf,paulo,1
Informe Semanal nº 06 - COE Dengue e outras Arboviroses - SE 1 a 12.pdf,mato,1
Informe Semanal nº 06 - COE Dengue e outras Arboviroses - SE 1 a 12.pdf,grosso,1
Informe Semanal nº 06 - COE Dengue e outras Arboviroses - SE 1 a 12.pdf,incidencias,1
Informe Semanal nº 06 - COE Dengue e outras Arboviroses - SE 1 a 12.pdf,numeros,1
Informe Semanal nº 06 - COE Dengue e outras Arboviroses - SE 1 a 12.pdf,regiao,1
Informe Semanal nº 06 - COE Dengue e outras Arboviroses - SE 1 a 12.pdf,confirmados,1
Informe Semanal nº 06 - COE Dengue e outras Arboviroses - SE 1 a 12.pdf,identificada,1
Informe Semanal nº 06 - COE Dengue e outras Arboviroses - SE 1 a 12.pdf,circulacao,1
Informe Semanal nº 06 - COE Dengue e outras Arboviroses - SE 1 a 12.pdf,quatro,1
Informe Semanal nº 06 - COE Dengue e outras Arboviroses - SE 1 a 12.pdf,aumento,1
Informe Semanal nº 06 - COE Dengue e outras Arboviroses - SE 1 a 12.pdf,proporcao,1
Informe Semanal nº 06 - COE Dengue e outras Arboviroses - SE 1 a 12.pdf,ultimo,1
Informe Semanal nº 06 - COE Dengue e outras Arboviroses - SE 1 a 12.pdf,trimestre,1
Informe Semanal nº 07 - COE Dengue e outras Arboviroses - SE 1 a 13.pdf,casos,9
Informe Semanal nº 07 - COE Dengue e outras Arboviroses - SE 1 a 13.pdf,denv,7
Informe Semanal nº 07 - COE Dengue e outras Arboviroses - SE 1 a 13.pdf,dengue,6
Informe Semanal nº 07 - COE Dengue e outras Arboviroses - SE 1 a 13.pdf,incidencia,5
Informe Semanal nº 07 - COE Dengue e outras Arboviroses - SE 1 a 13.pdf,obitos,5
Informe Semanal nº 07 - COE Dengue e outras Arboviroses - SE 1 a 13.pdf,provaveis,3
Informe Semanal nº 07 - COE Dengue e outras Arboviroses - SE 1 a 13.pdf,coeficiente,3
Informe Semanal nº 07 - COE Dengue e outras Arboviroses - SE 1 a 13.pdf,periodo,3
Informe Semanal nº 07 - COE Dengue e outras Arboviroses - SE 1 a 13.pdf,numero,3
Informe Semanal nº 07 - COE Dengue e outras Arboviroses - SE 1 a 13.pdf,maiores,3
Informe Semanal nº 07 - COE Dengue e outras Arboviroses - SE 1 a 13.pdf,sudeste,3
Informe Semanal nº 07 - COE Dengue e outras Arboviroses - SE 1 a 13.pdf,sul,3
Informe Semanal nº 07 - COE Dengue e outras Arboviroses - SE 1 a 13.pdf,mil,2
Informe Semanal nº 07 - COE Dengue e outras Arboviroses - SE 1 a 13.pdf,regioes,2
Informe Semanal nº 07 - COE Dengue e outras Arboviroses - SE 1 a 13.pdf,apresentam,2
Informe Semanal nº 07 - COE Dengue e outras Arboviroses - SE 1 a 13.pdf,centro,2
Informe Semanal nº 07 - COE Dengue e outras Arboviroses - SE 1 a 13.pdf,oeste,2
Informe Semanal nº 07 - COE Dengue e outras Arboviroses - SE 1 a 13.pdf,mato,2
Informe Semanal nº 07 - COE Dengue e outras Arboviroses - SE 1 a 13.pdf,grosso,2
Informe Semanal nº 07 - COE Dengue e outras Arboviroses - SE 1 a 13.pdf,graves,2
Informe Semanal nº 07 - COE Dengue e outras Arboviroses - SE 1 a 13.pdf,concentram,2
Informe Semanal nº 07 - COE Dengue e outras Arboviroses - SE 1 a 13.pdf,investigacao,2
Informe Semanal nº 07 - COE Dengue e outras Arboviroses - SE 1 a 13.pdf,sorotipos,2
Informe Semanal nº 07 - COE Dengue e outras Arboviroses - SE 1 a 13.pdf,virus,2
Informe Semanal nº 07 - COE Dengue e outras Arboviroses - SE 1 a 13.pdf,minas,2
Informe Semanal nº 07 - COE Dengue e outras Arboviroses - SE 1 a 13.pdf,gerais,2
Informe Semanal nº 07 - COE Dengue e outras Arboviroses - SE 1 a 13.pdf,diagrama,2
Informe Semanal nº 07 - COE Dengue e outras Arboviroses - SE 1 a 13.pdf,controle,2
Informe Semanal nº 07 - COE Dengue e outras Arboviroses - SE 1 a 13.pdf,notificados,1
Informe Semanal nº 07 - COE Dengue e outras Arboviroses - SE 1 a 13.pdf,correspondendo,1
Informe Semanal nº 07 - COE Dengue e outras Arboviroses - SE 1 a 13.pdf,habitantes,1
Informe Semanal nº 07 - COE Dengue e outras Arboviroses - SE 1 a 13.pdf,comparado,1
Informe Semanal nº 07 - COE Dengue e outras Arboviroses - SE 1 a 13.pdf,observa,1
Informe Semanal nº 07 - COE Dengue e outras Arboviroses - SE 1 a 13.pdf,reducao,1
Informe Semanal nº 07 - COE Dengue e outras Arboviroses - SE 1 a 13.pdf,geograficas,1
Informe Semanal nº 07 - COE Dengue e outras Arboviroses - SE 1 a 13.pdf,coeficientes,1
Informe Semanal nº 07 - COE Dengue e outras Arboviroses - SE 1 a 13.pdf,unidades,1
Informe Semanal nº 07 - COE Dengue e outras Arboviroses - SE 1 a 13.pdf,federativas,1
Informe Semanal nº 07 - COE Dengue e outras Arboviroses - SE 1 a 13.pdf,paulo,1
Informe Semanal nº 07 - COE Dengue e outras Arboviroses - SE 1 a 13.pdf,acre,1
Informe Semanal nº 07 - COE Dengue e outras Arboviroses - SE 1 a 13.pdf,incidencias,1
Informe Semanal nº 07 - COE Dengue e outras Arboviroses - SE 1 a 13.pdf,numeros,1
Informe Semanal nº 07 - COE Dengue e outras Arboviroses - SE 1 a 13.pdf,regiao,1
Informe Semanal nº 07 - COE Dengue e outras Arboviroses - SE 1 a 13.pdf,confirmados,1
Informe Semanal nº 07 - COE Dengue e outras Arboviroses - SE 1 a 13.pdf,identificada,1
Informe Semanal nº 07 - COE Dengue e outras Arboviroses - SE 1 a 13.pdf,circulacao,1
Informe Semanal nº 07 - COE Dengue e outras Arboviroses - SE 1 a 13.pdf,quatro,1
Informe Semanal nº 07 - COE Dengue e outras Arboviroses - SE 1 a 13.pdf,aumento,1
Informe Semanal nº 07 - COE Dengue e outras Arboviroses - SE 1 a 13.pdf,proporcao,1
Informe Semanal nº 07 - COE Dengue e outras Arboviroses - SE 1 a 13.pdf,ultimo,1
Informe Semanal nº 08 - COE Dengue e outras Arboviroses - SE 1 a 13.pdf,casos,9
Informe Semanal nº 08 - COE Dengue e outras Arboviroses - SE 1 a 13.pdf,denv,7
Informe Semanal nº 08 - COE Dengue e outras Arboviroses - SE 1 a 13.pdf,dengue,6
Informe Semanal nº 08 - COE Dengue e outras Arboviroses - SE 1 a 13.pdf,incidencia,5
Informe Semanal nº 08 - COE Dengue e outras Arboviroses - SE 1 a 13.pdf,obitos,5
Informe Semanal nº 08 - COE Dengue e outras Arboviroses - SE 1 a 13.pdf,periodo,4
Informe Semanal nº 08 - COE Dengue e outras Arboviroses - SE 1 a 13.pdf,provaveis,3
Informe Semanal nº 08 - COE Dengue e outras Arboviroses - SE 1 a 13.pdf,coeficiente,3
Informe Semanal nº 08 - COE Dengue e outras Arboviroses - SE 1 a 13.pdf,numero,3
Informe Semanal nº 08 - COE Dengue e outras Arboviroses - SE 1 a 13.pdf,maiores,3
Informe Semanal nº 08 - COE Dengue e outras Arboviroses - SE 1 a 13.pdf,sudeste,3
Informe Semanal nº 08 - COE Dengue e outras Arboviroses - SE 1 a 13.pdf,sul,3
Informe Semanal nº 08 - COE Dengue e outras Arboviroses - SE 1 a 13.pdf,mil,2
Informe Semanal nº 08 - COE Dengue e outras Arboviroses - SE 1 a 13.pdf,regioes,2
Informe Semanal nº 08 - COE Dengue e outras Arboviroses - SE 1 a 13.pdf,apresentam,2
Informe Semanal nº 08 - COE Dengue e outras Arboviroses - SE 1 a 13.pdf,centro,2
Informe Semanal nº 08 - COE Dengue e outras Arboviroses - SE 1 a 13.pdf,oeste,2
Informe Semanal nº 08 - COE Dengue e outras Arboviroses - SE 1 a 13.pdf,mato,2
Informe Semanal nº 08 - COE Dengue e outras Arboviroses - SE 1 a 13.pdf,grosso,2
Informe Semanal nº 08 - COE Dengue e outras Arboviroses - SE 1 a 13.pdf,graves,2
Informe Semanal nº 08 - COE Dengue e outras Arboviroses - SE 1 a 13.pdf,concentram,2
Informe Semanal nº 08 - COE Dengue e outras Arboviroses - SE 1 a 13.pdf,investigacao,2
Informe Semanal nº 08 - COE Dengue e outras Arboviroses - SE 1 a 13.pdf,sorotipos,2
Informe Semanal nº 08 - COE Dengue e outras Arboviroses - SE 1 a 13.pdf,virus,2
Informe Semanal nº 08 - COE Dengue e outras Arboviroses - SE 1 a 13.pdf,minas,2
Informe Semanal nº 08 - COE Dengue e outras Arboviroses - SE 1 a 13.pdf,gerais,2
Informe Semanal nº 08 - COE Dengue e outras Arboviroses - SE 1 a 13.pdf,diagrama,2
Informe Semanal nº 08 - COE Dengue e outras Arboviroses - SE 1 a 13.pdf,controle,2
Informe Semanal nº 08 - COE Dengue e outras Arboviroses - SE 1 a 13.pdf,notificados,1
Informe Semanal nº 08 - COE Dengue e outras Arboviroses - SE 1 a 13.pdf,correspondendo,1
Informe Semanal nº 08 - COE Dengue e outras Arboviroses - SE 1 a 13.pdf,habitantes,1
Informe Semanal nº 08 - COE Dengue e outras Arboviroses - SE 1 a 13.pdf,comparado,1
Informe Semanal nº 08 - COE Dengue e outras Arboviroses - SE 1 a 13.pdf,observa,1
Informe Semanal nº 08 - COE Dengue e outras Arboviroses - SE 1 a 13.pdf,reducao,1
Informe Semanal nº 08 - COE Dengue e outras Arboviroses - SE 1 a 13.pdf,geograficas,1
Informe Semanal nº 08 - COE Dengue e outras Arboviroses - SE 1 a 13.pdf,coeficientes,1
Informe Semanal nº 08 - COE Dengue e outras Arboviroses - SE 1 a 13.pdf,unidades,1
Informe Semanal nº 08 - COE Dengue e outras Arboviroses - SE 1 a 13.pdf,federativas,1
Informe Semanal nº 08 - COE Dengue e outras Arboviroses - SE 1 a 13.pdf,paulo,1
Informe Semanal nº 08 - COE Dengue e outras Arboviroses - SE 1 a 13.pdf,acre,1
Informe Semanal nº 08 - COE Dengue e outras Arboviroses - SE 1 a 13.pdf,incidencias,1
Informe Semanal nº 08 - COE Dengue e outras Arboviroses - SE 1 a 13.pdf,numeros,1
Informe Semanal nº 08 - COE Dengue e outras Arboviroses - SE 1 a 13.pdf,regiao,1
Informe Semanal nº 08 - COE Dengue e outras Arboviroses - SE 1 a 13.pdf,confirmados,1
Informe Semanal nº 08 - COE Dengue e outras Arboviroses - SE 1 a 13.pdf,identificada,1
Informe Semanal nº 08 - COE Dengue e outras Arboviroses - SE 1 a 13.pdf,circulacao,1
Informe Semanal nº 08 - COE Dengue e outras Arboviroses - SE 1 a 13.pdf,quatro,1
Informe Semanal nº 08 - COE Dengue e outras Arboviroses - SE 1 a 13.pdf,aumento,1
Informe Semanal nº 08 - COE Dengue e outras Arboviroses - SE 1 a 13.pdf,proporcao,1
Informe Semanal nº 08 - COE Dengue e outras Arboviroses - SE 1 a 13.pdf,ultimo,1
Informe Semanal nº 09 - COE Dengue e outras Arboviroses - SE 1 a 15.pdf,casos,8
Informe Semanal nº 09 - COE Dengue e outras Arboviroses - SE 1 a 15.pdf,denv,8
Informe Semanal nº 09 - COE Dengue e outras Arboviroses - SE 1 a 15.pdf,dengue,6
Informe Semanal nº 09 - COE Dengue e outras Arboviroses - SE 1 a 15.pdf,incidencia,5
Informe Semanal nº 09 - COE Dengue e outras Arboviroses - SE 1 a 15.pdf,obitos,5
Informe Semanal nº 09 - COE Dengue e outras Arboviroses - SE 1 a 15.pdf,periodo,4
Informe Semanal nº 09 - COE Dengue e outras Arboviroses - SE 1 a 15.pdf,provaveis,3
Informe Semanal nº 09 - COE Dengue e outras Arboviroses - SE 1 a 15.pdf,coeficiente,3
Informe Semanal nº 09 - COE Dengue e outras Arboviroses - SE 1 a 15.pdf,maiores,3
Informe Semanal nº 09 - COE Dengue e outras Arboviroses - SE 1 a 15.pdf,sudeste,3
Informe Semanal nº 09 - COE Dengue e outras Arboviroses - SE 1 a 15.pdf,sul,3
Informe Semanal nº 09 - COE Dengue e outras Arboviroses - SE 1 a 15.pdf,paulo,3
Informe Semanal nº 09 - COE Dengue e outras Arboviroses - SE 1 a 15.pdf,mil,2
Informe Semanal nº 09 - COE Dengue e outras Arboviroses - SE 1 a 15.pdf,numero,2
Informe Semanal nº 09 - COE Dengue e outras Arboviroses - SE 1 a 15.pdf,regioes,2
Informe Semanal nº 09 - COE Dengue e outras Arboviroses - SE 1 a 15.pdf,apresentam,2
Informe Semanal nº 09 - COE Dengue e outras Arboviroses - SE 1 a 15.pdf,centro,2
Informe Semanal nº 09 - COE Dengue e outras Arboviroses - SE 1 a 15.pdf,oeste,2
Informe Semanal nº 09 - COE Dengue e outras Arboviroses - SE 1 a 15.pdf,parana,2
Informe Semanal nº 09 - COE Dengue e outras Arboviroses - SE 1 a 15.pdf,graves,2
Informe Semanal nº 09 - COE Dengue e outras Arboviroses - SE 1 a 15.pdf,investigacao,2
Informe Semanal nº 09 - COE Dengue e outras Arboviroses - SE 1 a 15.pdf,sorotipos,2
Informe Semanal nº 09 - COE Dengue e outras Arboviroses - SE 1 a 15.pdf,virus,2
Informe Semanal nº 09 - COE Dengue e outras Arboviroses - SE 1 a 15.pdf,minas,2
Informe Semanal nº 09 - COE Dengue e outras Arboviroses - SE 1 a 15.pdf,gerais,2
Informe Semanal nº 09 - COE Dengue e outras Arboviroses - SE 1 a 15.pdf,diagrama,2
Informe Semanal nº 09 - COE Dengue e outras Arboviroses - SE 1 a 15.pdf,controle,2
Informe Semanal nº 09 - COE Dengue e outras Arboviroses - SE 1 a 15.pdf,atual,2
Informe Semanal nº 09 - COE Dengue e outras Arboviroses - SE 1 a 15.pdf,notificados,1
Informe Semanal nº 09 - COE Dengue e outras Arboviroses - SE 1 a 15.pdf,correspondendo,1
Informe Semanal nº 09 - COE Dengue e outras Arboviroses - SE 1 a 15.pdf,habitantes,1
Informe Semanal nº 09 - COE Dengue e outras Arboviroses - SE 1 a 15.pdf,comparado,1
Informe Semanal nº 09 - COE Dengue e outras Arboviroses - SE 1 a 15.pdf,observa,1
Informe Semanal nº 09 - COE Dengue e outras Arboviroses - SE 1 a 15.pdf,reducao,1
Informe Semanal nº 09 - COE Dengue e outras Arboviroses - SE 1 a 15.pdf,geograficas,1
Informe Semanal nº 09 - COE Dengue e outras Arboviroses - SE 1 a 15.pdf,coeficientes,1
Informe Semanal nº 09 - COE Dengue e outras Arboviroses - SE 1 a 15.pdf,unidades,1
Informe Semanal nº 09 - COE Dengue e outras Arboviroses - SE 1 a 15.pdf,federativas,1
Informe Semanal nº 09 - COE Dengue e outras Arboviroses - SE 1 a 15.pdf,acre,1
Informe Semanal nº 09 - COE Dengue e outras Arboviroses - SE 1 a 15.pdf,incidencias,1
Informe Semanal nº 09 - COE Dengue e outras Arboviroses - SE 1 a 15.pdf,numeros,1
Informe Semanal nº 09 - COE Dengue e outras Arboviroses - SE 1 a 15.pdf,concentram,1
Informe Semanal nº 09 - COE Dengue e outras Arboviroses - SE 1 a 15.pdf,maior,1
Informe Semanal nº 09 - COE Dengue e outras Arboviroses - SE 1 a 15.pdf,parte,1
Informe Semanal nº 09 - COE Dengue e outras Arboviroses - SE 1 a 15.pdf,regiao,1
Informe Semanal nº 09 - COE Dengue e outras Arboviroses - SE 1 a 15.pdf,confirmados,1
Informe Semanal nº 09 - COE Dengue e outras Arboviroses - SE 1 a 15.pdf,identificada,1
Informe Semanal nº 09 - COE Dengue e outras Arboviroses - SE 1 a 15.pdf,circulacao,1
Informe Semanal nº 09 - COE Dengue e outras Arboviroses - SE 1 a 15.pdf,quatro,1
Informe Semanal nº 09 - COE Dengue e outras Arboviroses - SE 1 a 15.pdf,predominancia,1
Informe Semanal nº 10 - COE Dengue e outras Arboviroses - SE 1 a 16.pdf,casos,8
Informe Semanal nº 10 - COE Dengue e outras Arboviroses - SE 1 a 16.pdf,denv,8
Informe Semanal nº 10 - COE Dengue e outras Arboviroses - SE 1 a 16.pdf,dengue,6
Informe Semanal nº 10 - COE Dengue e outras Arboviroses - SE 1 a 16.pdf,incidencia,5
Informe Semanal nº 10 - COE Dengue e outras Arboviroses - SE 1 a 16.pdf,obitos,4
Informe Semanal nº 10 - COE Dengue e outras Arboviroses - SE 1 a 16.pdf,provaveis,3
Informe Semanal nº 10 - COE Dengue e outras Arboviroses - SE 1 a 16.pdf,coeficiente,3
Informe Semanal nº 10 - COE Dengue e outras Arboviroses - SE 1 a 16.pdf,periodo,3
Informe Semanal nº 10 - COE Dengue e outras Arboviroses - SE 1 a 16.pdf,maiores,3
Informe Semanal nº 10 - COE Dengue e outras Arboviroses - SE 1 a 16.pdf,sudeste,3
Informe Semanal nº 10 - COE Dengue e outras Arboviroses - SE 1 a 16.pdf,sul,3
Informe Semanal nº 10 - COE Dengue e outras Arboviroses - SE 1 a 16.pdf,paulo,3
Informe Semanal nº 10 - COE Dengue e outras Arboviroses - SE 1 a 16.pdf,mil,2
Informe Semanal nº 10 - COE Dengue e outras Arboviroses - SE 1 a 16.pdf,numero,2
Informe Semanal nº 10 - COE Dengue e outras Arboviroses - SE 1 a 16.pdf,regioes,2
Informe Semanal nº 10 - COE Dengue e outras Arboviroses - SE 1 a 16.pdf,apresentam,2
Informe Semanal nº 10 - COE Dengue e outras Arboviroses - SE 1 a 16.pdf,centro,2
Informe Semanal nº 10 - COE Dengue e outras Arboviroses - SE 1 a 16.pdf,oeste,2
Informe Semanal nº 10 - COE Dengue e outras Arboviroses - SE 1 a 16.pdf,parana,2
Informe Semanal nº 10 - COE Dengue e outras Arboviroses - SE 1 a 16.pdf,mato,2
Informe Semanal nº 10 - COE Dengue e outras Arboviroses - SE 1 a 16.pdf,grosso,2
Informe Semanal nº 10 - COE Dengue e outras Arboviroses - SE 1 a 16.pdf,graves,2
Informe Semanal nº 10 - COE Dengue e outras Arboviroses - SE 1 a 16.pdf,investigacao,2
Informe Semanal nº 10 - COE Dengue e outras Arboviroses - SE 1 a 16.pdf,sorotipos,2
Informe Semanal nº 10 - COE Dengue e outras Arboviroses - SE 1 a 16.pdf,virus,2
Informe Semanal nº 10 - COE Dengue e outras Arboviroses - SE 1 a 16.pdf,minas,2
Informe Semanal nº 10 - COE Dengue e outras Arboviroses - SE 1 a 16.pdf,gerais,2
Informe Semanal nº 10 - COE Dengue e outras Arboviroses - SE 1 a 16.pdf,canal,2
Informe Semanal nº 10 - COE Dengue e outras Arboviroses - SE 1 a 16.pdf,endemico,2
Informe Semanal nº 10 - COE Dengue e outras Arboviroses - SE 1 a 16.pdf,diagrama,2
Informe Semanal nº 10 - COE Dengue e outras Arboviroses - SE 1 a 16.pdf,controle,2
Informe Semanal nº 10 - COE Dengue e outras Arboviroses - SE 1 a 16.pdf,notificados,1
Informe Semanal nº 10 - COE Dengue e outras Arboviroses - SE 1 a 16.pdf,correspondendo,1
Informe Semanal nº 10 - COE Dengue e outras Arboviroses - SE 1 a 16.pdf,habitantes,1
Informe Semanal nº 10 - COE Dengue e outras Arboviroses - SE 1 a 16.pdf,comparado,1
Informe Semanal nº 10 - COE Dengue e outras Arboviroses - SE 1 a 16.pdf,observa,1
Informe Semanal nº 10 - COE Dengue e outras Arboviroses - SE 1 a 16.pdf,reducao,1
Informe Semanal nº 10 - COE Dengue e outras Arboviroses - SE 1 a 16.pdf,geograficas,1
Informe Semanal nº 10 - COE Dengue e outras Arboviroses - SE 1 a 16.pdf,coeficientes,1
Informe Semanal nº 10 - COE Dengue e outras Arboviroses - SE 1 a 16.pdf,unidades,1
Informe Semanal nº 10 - COE Dengue e outras Arboviroses - SE 1 a 16.pdf,federativas,1
Informe Semanal nº 10 - COE Dengue e outras Arboviroses - SE 1 a 16.pdf,acre,1
Informe Semanal nº 10 - COE Dengue e outras Arboviroses - SE 1 a 16.pdf,goias,1
Informe Semanal nº 10 - COE Dengue e outras Arboviroses - SE 1 a 16.pdf,incidencias,1
Informe Semanal nº 10 - COE Dengue e outras Arboviroses - SE 1 a 16.pdf,numeros,1
Informe Semanal nº 10 - COE Dengue e outras Arboviroses - SE 1 a 16.pdf,concentram,1
Informe Semanal nº 10 - COE Dengue e outras Arboviroses - SE 1 a 16.pdf,confirmados,1
Informe Semanal nº 10 - COE Dengue e outras Arboviroses - SE 1 a 16.pdf,sendo,1
Informe Semanal nº 10 - COE Dengue e outras Arboviroses - SE 1 a 16.pdf,maior,1
Informe Semanal nº 10 - COE Dengue e outras Arboviroses - SE 1 a 16.pdf,parte,1
Informe Semanal nº 11 - COE Dengue e outras Arboviroses - SE 1 a 17 - 13 de maio.pdf,casos,9
Informe Semanal nº 11 - COE Dengue e outras Arboviroses - SE 1 a 17 - 13 de maio.pdf,denv,8
Informe Semanal nº 11 - COE Dengue e outras Arboviroses - SE 1 a 17 - 13 de maio.pdf,dengue,6
Informe Semanal nº 11 - COE Dengue e outras Arboviroses - SE 1 a 17 - 13 de maio.pdf,incidencia,5
Informe Semanal nº 11 - COE Dengue e outras Arboviroses - SE 1 a 17 - 13 de maio.pdf,obitos,5
Informe Semanal nº 11 - COE Dengue e outras Arboviroses - SE 1 a 17 - 13 de maio.pdf,provaveis,3
Informe Semanal nº 11 - COE Dengue e outras Arboviroses - SE 1 a 17 - 13 de maio.pdf,coeficiente,3
Informe Semanal nº 11 - COE Dengue e outras Arboviroses - SE 1 a 17 - 13 de maio.pdf,periodo,3
Informe Semanal nº 11 - COE Dengue e outras Arboviroses - SE 1 a 17 - 13 de maio.pdf,maiores,3
Informe Semanal nº 11 - COE Dengue e outras Arboviroses - SE 1 a 17 - 13 de maio.pdf,sudeste,3
Informe Semanal nº 11 - COE Dengue e outras Arboviroses - SE 1 a 17 - 13 de maio.pdf,sul,3
Informe Semanal nº 11 - COE Dengue e outras Arboviroses - SE 1 a 17 - 13 de maio.pdf,paulo,3
Informe Semanal nº 11 - COE Dengue e outras Arboviroses - SE 1 a 17 - 13 de maio.pdf,mil,2
Informe Semanal nº 11 - COE Dengue e outras Arboviroses - SE 1 a 17 - 13 de maio.pdf,reducao,2
Informe Semanal nº 11 - COE Dengue e outras Arboviroses - SE 1 a 17 - 13 de maio.pdf,numero,2
Informe Semanal nº 11 - COE Dengue e outras Arboviroses - SE 1 a 17 - 13 de maio.pdf,regioes,2
Informe Semanal nº 11 - COE Dengue e outras Arboviroses - SE 1 a 17 - 13 de maio.pdf,apresentam,2
Informe Semanal nº 11 - COE Dengue e outras Arboviroses - SE 1 a 17 - 13 de maio.pdf,centro,2
Informe Semanal nº 11 - COE Dengue e outras Arboviroses - SE 1 a 17 - 13 de maio.pdf,oeste,2
Informe Semanal nº 11 - COE Dengue e outras Arboviroses - SE 1 a 17 - 13 de maio.pdf,mato,2
Informe Semanal nº 11 - COE Dengue e outras Arboviroses - SE 1 a 17 - 13 de maio.pdf,grosso,2
Informe Semanal nº 11 - COE Dengue e outras Arboviroses - SE 1 a 17 - 13 de maio.pdf,graves,2
Informe Semanal nº 11 - COE Dengue e outras Arboviroses - SE 1 a 17 - 13 de maio.pdf,investigacao,2
Informe Semanal nº 11 - COE Dengue e outras Arboviroses - SE 1 a 17 - 13 de maio.pdf,sorotipos,2
Informe Semanal nº 11 - COE Dengue e outras Arboviroses - SE 1 a 17 - 13 de maio.pdf,virus,2
Informe Semanal nº 11 - COE Dengue e outras Arboviroses - SE 1 a 17 - 13 de maio.pdf,minas,2
Informe Semanal nº 11 - COE Dengue e outras Arboviroses - SE 1 a 17 - 13 de maio.pdf,gerais,2
Informe Semanal nº 11 - COE Dengue e outras Arboviroses - SE 1 a 17 - 13 de maio.pdf,encontra,2
Informe Semanal nº 11 - COE Dengue e outras Arboviroses - SE 1 a 17 - 13 de maio.pdf,canal,2
Informe Semanal nº 11 - COE Dengue e outras Arboviroses - SE 1 a 17 - 13 de maio.pdf,endemico,2
Informe Semanal nº 11 - COE Dengue e outras Arboviroses - SE 1 a 17 - 13 de maio.pdf,diagrama,2
Informe Semanal nº 11 - COE Dengue e outras Arboviroses - SE 1 a 17 - 13 de maio.pdf,controle,2
Informe Semanal nº 11 - COE Dengue e outras Arboviroses - SE 1 a 17 - 13 de maio.pdf,notificados,1
Informe Semanal nº 11 - COE Dengue e outras Arboviroses - SE 1 a 17 - 13 de maio.pdf,correspondendo,1
Informe Semanal nº 11 - COE Dengue e outras Arboviroses - SE 1 a 17 - 13 de maio.pdf,habitantes,1
Informe Semanal nº 11 - COE Dengue e outras Arboviroses - SE 1 a 17 - 13 de maio.pdf,comparado,1
Informe Semanal nº 11 - COE Dengue e outras Arboviroses - SE 1 a 17 - 13 de maio.pdf,observa,1
Informe Semanal nº 11 - COE Dengue e outras Arboviroses - SE 1 a 17 - 13 de maio.pdf,geograficas,1
Informe Semanal nº 11 - COE Dengue e outras Arboviroses - SE 1 a 17 - 13 de maio.pdf,coeficientes,1
Informe Semanal nº 11 - COE Dengue e outras Arboviroses - SE 1 a 17 - 13 de maio.pdf,unidades,1
Informe Semanal nº 11 - COE Dengue e outras Arboviroses - SE 1 a 17 - 13 de maio.pdf,federativas,1
Informe Semanal nº 11 - COE Dengue e outras Arboviroses - SE 1 a 17 - 13 de maio.pdf,acre,1
Informe Semanal nº 11 - COE Dengue e outras Arboviroses - SE 1 a 17 - 13 de maio.pdf,parana,1
Informe Semanal nº 11 - COE Dengue e outras Arboviroses - SE 1 a 17 - 13 de maio.pdf,goias,1
Informe Semanal nº 11 - COE Dengue e outras Arboviroses - SE 1 a 17 - 13 de maio.pdf,incidencias,1
Informe Semanal nº 11 - COE Dengue e outras Arboviroses - SE 1 a 17 - 13 de maio.pdf,numeros,1
Informe Semanal nº 11 - COE Dengue e outras Arboviroses - SE 1 a 17 - 13 de maio.pdf,concentram,1
Informe Semanal nº 11 - COE Dengue e outras Arboviroses - SE 1 a 17 - 13 de maio.pdf,maior,1
Informe Semanal nº 11 - COE Dengue e outras Arboviroses - SE 1 a 17 - 13 de maio.pdf,parte,1
Informe Semanal nº 11 - COE Dengue e outras Arboviroses - SE 1 a 17 - 13 de maio.pdf,regiao,1
Informe Semanal nº 12 - COE Dengue e outras Arboviroses - SE 1 a 18 - 15 de maio.pdf,casos,10
Informe Semanal nº 12 - COE Dengue e outras Arboviroses - SE 1 a 18 - 15 de maio.pdf,denv,8
Informe Semanal nº 12 - COE Dengue e outras Arboviroses - SE 1 a 18 - 15 de maio.pdf,dengue,6
Informe Semanal nº 12 - COE Dengue e outras Arboviroses - SE 1 a 18 - 15 de maio.pdf,incidencia,5
Informe Semanal nº 12 - COE Dengue e outras Arboviroses - SE 1 a 18 - 15 de maio.pdf,obitos,5
Informe Semanal nº 12 - COE Dengue e outras Arboviroses - SE 1 a 18 - 15 de maio.pdf,periodo,4
Informe Semanal nº 12 - COE Dengue e outras Arboviroses - SE 1 a 18 - 15 de maio.pdf,provaveis,3
Informe Semanal nº 12 - COE Dengue e outras Arboviroses - SE 1 a 18 - 15 de maio.pdf,coeficiente,3
Informe Semanal nº 12 - COE Dengue e outras Arboviroses - SE 1 a 18 - 15 de maio.pdf,maiores,3
Informe Semanal nº 12 - COE Dengue e outras Arboviroses - SE 1 a 18 - 15 de maio.pdf,sudeste,3
Informe Semanal nº 12 - COE Dengue e outras Arboviroses - SE 1 a 18 - 15 de maio.pdf,sul,3
Informe Semanal nº 12 - COE Dengue e outras Arboviroses - SE 1 a 18 - 15 de maio.pdf,paulo,3
Informe Semanal nº 12 - COE Dengue e outras Arboviroses - SE 1 a 18 - 15 de maio.pdf,mil,2
Informe Semanal nº 12 - COE Dengue e outras Arboviroses - SE 1 a 18 - 15 de maio.pdf,reducao,2
Informe Semanal nº 12 - COE Dengue e outras Arboviroses - SE 1 a 18 - 15 de maio.pdf,numero,2
Informe Semanal nº 12 - COE Dengue e outras Arboviroses - SE 1 a 18 - 15 de maio.pdf,regioes,2
Informe Semanal nº 12 - COE Dengue e outras Arboviroses - SE 1 a 18 - 15 de maio.pdf,apresentam,2
Informe Semanal nº 12 - COE Dengue e outras Arboviroses - SE 1 a 18 - 15 de maio.pdf,centro,2
Informe Semanal nº 12 - COE Dengue e outras Arboviroses - SE 1 a 18 - 15 de maio.pdf,oeste,2
Informe Semanal nº 12 - COE Dengue e outras Arboviroses - SE 1 a 18 - 15 de maio.pdf,mato,2
Informe Semanal nº 12 - COE Dengue e outras Arboviroses - SE 1 a 18 - 15 de maio.pdf,grosso,2
Informe Semanal nº 12 - COE Dengue e outras Arboviroses - SE 1 a 18 - 15 de maio.pdf,graves,2
Informe Semanal nº 12 - COE Dengue e outras Arboviroses - SE 1 a 18 - 15 de maio.pdf,investigacao,2
Informe Semanal nº 12 - COE Dengue e outras Arboviroses - SE 1 a 18 - 15 de maio.pdf,sorotipos,2
Informe Semanal nº 12 - COE Dengue e outras Arboviroses - SE 1 a 18 - 15 de maio.pdf,virus,2
Informe Semanal nº 12 - COE Dengue e outras Arboviroses - SE 1 a 18 - 15 de maio.pdf,minas,2
Informe Semanal nº 12 - COE Dengue e outras Arboviroses - SE 1 a 18 - 15 de maio.pdf,gerais,2
Informe Semanal nº 12 - COE Dengue e outras Arboviroses - SE 1 a 18 - 15 de maio.pdf,encontra,2
Informe Semanal nº 12 - COE Dengue e outras Arboviroses - SE 1 a 18 - 15 de maio.pdf,canal,2
Informe Semanal nº 12 - COE Dengue e outras Arboviroses - SE 1 a 18 - 15 de maio.pdf,endemico,2
Informe Semanal nº 12 - COE Dengue e outras Arboviroses - SE 1 a 18 - 15 de maio.pdf,diagrama,2
Informe Semanal nº 12 - COE Dengue e outras Arboviroses - SE 1 a 18 - 15 de maio.pdf,controle,2
Informe Semanal nº 12 - COE Dengue e outras Arboviroses - SE 1 a 18 - 15 de maio.pdf,notificados,1
Informe Semanal nº 12 - COE Dengue e outras Arboviroses - SE 1 a 18 - 15 de maio.pdf,correspondendo,1
Informe Semanal nº 12 - COE Dengue e outras Arboviroses - SE 1 a 18 - 15 de maio.pdf,habitantes,1
Informe Semanal nº 12 - COE Dengue e outras Arboviroses - SE 1 a 18 - 15 de maio.pdf,comparado,1
Informe Semanal nº 12 - COE Dengue e outras Arboviroses - SE 1 a 18 - 15 de maio.pdf,observa,1
Informe Semanal nº 12 - COE Dengue e outras Arboviroses - SE 1 a 18 - 15 de maio.pdf,geograficas,1
Informe Semanal nº 12 - COE Dengue e outras Arboviroses - SE 1 a 18 - 15 de maio.pdf,coeficientes,1
Informe Semanal nº 12 - COE Dengue e outras Arboviroses - SE 1 a 18 - 15 de maio.pdf,unidades,1
Informe Semanal nº 12 - COE Dengue e outras Arboviroses - SE 1 a 18 - 15 de maio.pdf,federativas,1
Informe Semanal nº 12 - COE Dengue e outras Arboviroses - SE 1 a 18 - 15 de maio.pdf,acre,1
Informe Semanal nº 12 - COE Dengue e outras Arboviroses - SE 1 a 18 - 15 de maio.pdf,parana,1
Informe Semanal nº 12 - COE Dengue e outras Arboviroses - SE 1 a 18 - 15 de maio.pdf,goias,1
Informe Semanal nº 12 - COE Dengue e outras Arboviroses - SE 1 a 18 - 15 de maio.pdf,incidencias,1
Informe Semanal nº 12 - COE Dengue e outras Arboviroses - SE 1 a 18 - 15 de maio.pdf,numeros,1
Informe Semanal nº 12 - COE Dengue e outras Arboviroses - SE 1 a 18 - 15 de maio.pdf,concentram,1
Informe Semanal nº 12 - COE Dengue e outras Arboviroses - SE 1 a 18 - 15 de maio.pdf,maior,1
Informe Semanal nº 12 - COE Dengue e outras Arboviroses - SE 1 a 18 - 15 de maio.pdf,parte,1
Informe Semanal nº 12 - COE Dengue e outras Arboviroses - SE 1 a 18 - 15 de maio.pdf,regiao,1
Informe Semanal nº 14.pdf,casos,9
Informe Semanal nº 14.pdf,denv,8
Informe Semanal nº 14.pdf,dengue,6
Informe Semanal nº 14.pdf,incidencia,5
Informe Semanal nº 14.pdf,obitos,5
Informe Semanal nº 14.pdf,provaveis,3
Informe Semanal nº 14.pdf,coeficiente,3
Informe Semanal nº 14.pdf,periodo,3
Informe Semanal nº 14.pdf,sudeste,3
Informe Semanal nº 14.pdf,sul,3
Informe Semanal nº 14.pdf,paulo,3
Informe Semanal nº 14.pdf,mil,2
Informe Semanal nº 14.pdf,numero,2
Informe Semanal nº 14.pdf,regioes,2
Informe Semanal nº 14.pdf,maiores,2
Informe Semanal nº 14.pdf,centro,2
Informe Semanal nº 14.pdf,oeste,2
Informe Semanal nº 14.pdf,mato,2
Informe Semanal nº 14.pdf,grosso,2
Informe Semanal nº 14.pdf,graves,2
Informe Semanal nº 14.pdf,investigacao,2
Informe Semanal nº 14.pdf,sorotipos,2
Informe Semanal nº 14.pdf,virus,2
Informe Semanal nº 14.pdf,encontra,2
Informe Semanal nº 14.pdf,canal,2
Informe Semanal nº 14.pdf,endemico,2
Informe Semanal nº 14.pdf,diagrama,2
Informe Semanal nº 14.pdf,controle,2
Informe Semanal nº 14.pdf,notificados,1
Informe Semanal nº 14.pdf,correspondendo,1
Informe Semanal nº 14.pdf,habitantes,1
Informe Semanal nº 14.pdf,comparado,1
Informe Semanal nº 14.pdf,observa,1
Informe Semanal nº 14.pdf,reducao,1
Informe Semanal nº 14.pdf,geograficas,1
Informe Semanal nº 14.pdf,apresentam,1
Informe Semanal nº 14.pdf,coeficientes,1
Informe Semanal nº 14.pdf,unidades,1
Informe Semanal nº 14.pdf,federativas,1
Informe Semanal nº 14.pdf,destacam,1
Informe Semanal nº 14.pdf,acre,1
Informe Semanal nº 14.pdf,parana,1
Informe Semanal nº 14.pdf,goias,1
Informe Semanal nº 14.pdf,numeros,1
Informe Semanal nº 14.pdf,concentram,1
Informe Semanal nº 14.pdf,maior,1
Informe Semanal nº 14.pdf,parte,1
Informe Semanal nº 14.pdf,regiao,1
Informe Semanal nº 14.pdf,confirmados,1
Informe Semanal nº 14.pdf,identificada,1
Informe Semanal nº 15.pdf,casos,9
Informe Semanal nº 15.pdf,denv,8
Informe Semanal nº 15.pdf,dengue,6
Informe Semanal nº 15.pdf,incidencia,5
Informe Semanal nº 15.pdf,obitos,5
Informe Semanal nº 15.pdf,provaveis,3
Informe Semanal nº 15.pdf,coeficiente,3
Informe Semanal nº 15.pdf,periodo,3
Informe Semanal nº 15.pdf,sudeste,3
Informe Semanal nº 15.pdf,sul,3
Informe Semanal nº 15.pdf,paulo,3
Informe Semanal nº 15.pdf,mil,2
Informe Semanal nº 15.pdf,reducao,2
Informe Semanal nº 15.pdf,numero,2
Informe Semanal nº 15.pdf,regioes,2
Informe Semanal nº 15.pdf,maiores,2
Informe Semanal nº 15.pdf,centro,2
Informe Semanal nº 15.pdf,oeste,2
Informe Semanal nº 15.pdf,mato,2
Informe Semanal nº 15.pdf,grosso,2
Informe Semanal nº 15.pdf,graves,2
Informe Semanal nº 15.pdf,investigacao,2
Informe Semanal nº 15.pdf,sorotipos,2
Informe Semanal nº 15.pdf,encontra,2
Informe Semanal nº 15.pdf,canal,2
Informe Semanal nº 15.pdf,endemico,2
Informe Semanal nº 15.pdf,diagrama,2
Informe Semanal nº 15.pdf,controle,2
Informe Semanal nº 15.pdf,notificados,1
Informe Semanal nº 15.pdf,correspondendo,1
Informe Semanal nº 15.pdf,habitantes,1
Informe Semanal nº 15.pdf,comparado,1
Informe Semanal nº 15.pdf,observa,1
Informe Semanal nº 15.pdf,geograficas,1
Informe Semanal nº 15.pdf,apresentam,1
Informe Semanal nº 15.pdf,coeficientes,1
Informe Semanal nº 15.pdf,unidades,1
Informe Semanal nº 15.pdf,federativas,1
Informe Semanal nº 15.pdf,destacam,1
Informe Semanal nº 15.pdf,acre,1
Informe Semanal nº 15.pdf,parana,1
Informe Semanal nº 15.pdf,goias,1
Informe Semanal nº 15.pdf,numeros,1
Informe Semanal nº 15.pdf,concentram,1
Informe Semanal nº 15.pdf,maior,1
Informe Semanal nº 15.pdf,parte,1
Informe Semanal nº 15.pdf,regiao,1
Informe Semanal nº 15.pdf,confirmados,1
Informe Semanal nº 15.pdf,identificada,1
Informe Semanal nº 15.pdf,circulacao,1
Informe Semanal nº 16.pdf,casos,9
Informe Semanal nº 16.pdf,denv,7
Informe Semanal nº 16.pdf,dengue,6
Informe Semanal nº 16.pdf,incidencia,5
Informe Semanal nº 16.pdf,obitos,5
Informe Semanal nº 16.pdf,provaveis,3
Informe Semanal nº 16.pdf,coeficiente,3
Informe Semanal nº 16.pdf,periodo,3
Informe Semanal nº 16.pdf,sudeste,3
Informe Semanal nº 16.pdf,sul,3
Informe Semanal nº 16.pdf,mil,2
Informe Semanal nº 16.pdf,reducao,2
Informe Semanal nº 16.pdf,numero,2
Informe Semanal nº 16.pdf,regioes,2
Informe Semanal nº 16.pdf,maiores,2
Informe Semanal nº 16.pdf,centro,2
Informe Semanal nº 16.pdf,oeste,2
Informe Semanal nº 16.pdf,paulo,2
Informe Semanal nº 16.pdf,parana,2
Informe Semanal nº 16.pdf,mato,2
Informe Semanal nº 16.pdf,grosso,2
Informe Semanal nº 16.pdf,graves,2
Informe Semanal nº 16.pdf,investigacao,2
Informe Semanal nº 16.pdf,sorotipos,2
Informe Semanal nº 16.pdf,cinco,2
Informe Semanal nº 16.pdf,encontra,2
Informe Semanal nº 16.pdf,canal,2
Informe Semanal nº 16.pdf,endemico,2
Informe Semanal nº 16.pdf,diagrama,2
Informe Semanal nº 16.pdf,controle,2
Informe Semanal nº 16.pdf,notificados,1
Informe Semanal nº 16.pdf,correspondendo,1
Informe Semanal nº 16.pdf,habitantes,1
Informe Semanal nº 16.pdf,comparado,1
Informe Semanal nº 16.pdf,observa,1
Informe Semanal nº 16.pdf,geograficas,1
Informe Semanal nº 16.pdf,apresentam,1
Informe Semanal nº 16.pdf,coeficientes,1
Informe Semanal nº 16.pdf,unidades,1
Informe Semanal nº 16.pdf,federativas,1
Informe Semanal nº 16.pdf,destacam,1
Informe Semanal nº 16.pdf,goias,1
Informe Semanal nº 16.pdf,acre,1
Informe Semanal nº 16.pdf,numeros,1
Informe Semanal nº 16.pdf,concentram,1
Informe Semanal nº 16.pdf,maior,1
Informe Semanal nº 16.pdf,parte,1
Informe Semanal nº 16.pdf,regiao,1
Informe Semanal nº 16.pdf,confirmados,1
Informe Semanal nº 16.pdf,identificada,1
Informe Semanal nº 17 (1).pdf,casos,9
Informe Semanal nº 17 (1).pdf,denv,7
Informe Semanal nº 17 (1).pdf,dengue,6
Informe Semanal nº 17 (1).pdf,incidencia,5
Informe Semanal nº 17 (1).pdf,obitos,5
Informe Semanal nº 17 (1).pdf,provaveis,3
Informe Semanal nº 17 (1).pdf,coeficiente,3
Informe Semanal nº 17 (1).pdf,periodo,3
Informe Semanal nº 17 (1).pdf,sudeste,3
Informe Semanal nº 17 (1).pdf,mil,2
Informe Semanal nº 17 (1).pdf,reducao,2
Informe Semanal nº 17 (1).pdf,numero,2
Informe Semanal nº 17 (1).pdf,regioes,2
Informe Semanal nº 17 (1).pdf,maiores,2
Informe Semanal nº 17 (1).pdf,centro,2
Informe Semanal nº 17 (1).pdf,oeste,2
Informe Semanal nº 17 (1).pdf,sul,2
Informe Semanal nº 17 (1).pdf,paulo,2
Informe Semanal nº 17 (1).pdf,graves,2
Informe Semanal nº 17 (1).pdf,investigacao,2
Informe Semanal nº 17 (1).pdf,sorotipos,2
Informe Semanal nº 17 (1).pdf,virus,2
Informe Semanal nº 17 (1).pdf,encontra,2
Informe Semanal nº 17 (1).pdf,canal,2
Informe Semanal nº 17 (1).pdf,endemico,2
Informe Semanal nº 17 (1).pdf,diagrama,2
Informe Semanal nº 17 (1).pdf,controle,2
Informe Semanal nº 17 (1).pdf,notificados,1
Informe Semanal nº 17 (1).pdf,correspondendo,1
Informe Semanal nº 17 (1).pdf,habitantes,1
Informe Semanal nº 17 (1).pdf,comparado,1
Informe Semanal nº 17 (1).pdf,observase,1
Informe Semanal nº 17 (1).pdf,geograficas,1
Informe Semanal nº 17 (1).pdf,apresentam,1
Informe Semanal nº 17 (1).pdf,coeficientes,1
Informe Semanal nº 17 (1).pdf,unidades,1
Informe Semanal nº 17 (1).pdf,federativas,1
Informe Semanal nº 17 (1).pdf,destacam,1
Informe Semanal nº 17 (1).pdf,goias,1
Informe Semanal nº 17 (1).pdf,acre,1
Informe Semanal nº 17 (1).pdf,parana,1
Informe Semanal nº 17 (1).pdf,mato,1
Informe Semanal nº 17 (1).pdf,grosso,1
Informe Semanal nº 17 (1).pdf,numeros,1
Informe Semanal nº 17 (1).pdf,concentram,1
Informe Semanal nº 17 (1).pdf,maior,1
Informe Semanal nº 17 (1).pdf,parte,1
Informe Semanal nº 17 (1).pdf,regiao,1
Informe Semanal nº 17 (1).pdf,confirmados,1
Informe Semanal nº 17 (1).pdf,identificada,1
Informe semanal nº 13.pdf,casos,9
Informe semanal nº 13.pdf,denv,8
Informe semanal nº 13.pdf,dengue,6
Informe semanal nº 13.pdf,incidencia,5
Informe semanal nº 13.pdf,obitos,5
Informe semanal nº 13.pdf,provaveis,3
Informe semanal nº 13.pdf,coeficiente,3
Informe semanal nº 13.pdf,periodo,3
Informe semanal nº 13.pdf,sudeste,3
Informe semanal nº 13.pdf,sul,3
Informe semanal nº 13.pdf,paulo,3
Informe semanal nº 13.pdf,virus,3
Informe semanal nº 13.pdf,mil,2
Informe semanal nº 13.pdf,numero,2
Informe semanal nº 13.pdf,regioes,2
Informe semanal nº 13.pdf,maiores,2
Informe semanal nº 13.pdf,centro,2
Informe semanal nº 13.pdf,oeste,2
Informe semanal nº 13.pdf,mato,2
Informe semanal nº 13.pdf,grosso,2
Informe semanal nº 13.pdf,graves,2
Informe semanal nº 13.pdf,investigacao,2
Informe semanal nº 13.pdf,sorotipos,2
Informe semanal nº 13.pdf,aumento,2
Informe semanal nº 13.pdf,encontra,2
Informe semanal nº 13.pdf,canal,2
Informe semanal nº 13.pdf,endemico,2
Informe semanal nº 13.pdf,diagrama,2
Informe semanal nº 13.pdf,controle,2
Informe semanal nº 13.pdf,notificados,1
Informe semanal nº 13.pdf,correspondendo,1
Informe semanal nº 13.pdf,habitantes,1
Informe semanal nº 13.pdf,comparado,1
Informe semanal nº 13.pdf,observa,1
Informe semanal nº 13.pdf,reducao,1
Informe semanal nº 13.pdf,geograficas,1
Informe semanal nº 13.pdf,apresentam,1
Informe semanal nº 13.pdf,coeficientes,1
Informe semanal nº 13.pdf,unidades,1
Informe semanal nº 13.pdf,federativas,1
Informe semanal nº 13.pdf,destacam,1
Informe semanal nº 13.pdf,acre,1
Informe semanal nº 13.pdf,parana,1
Informe semanal nº 13.pdf,goias,1
Informe semanal nº 13.pdf,numeros,1
Informe semanal nº 13.pdf,concentram,1
Informe semanal nº 13.pdf,maior,1
Informe semanal nº 13.pdf,parte,1
Informe semanal nº 13.pdf,regiao,1
Informe semanal nº 13.pdf,confirmados,1
